begin_device "mos2d"
begin_coordinates
0.000000000000000e+00	0.000000000000000e+00	0.000000000000000e+00
4.500000000000000e-05	0.000000000000000e+00	0.000000000000000e+00
5.500000000000000e-05	0.000000000000000e+00	0.000000000000000e+00
1.000000000000000e-04	0.000000000000000e+00	0.000000000000000e+00
1.000000000000000e-04	1.000000000000000e-04	0.000000000000000e+00
0.000000000000000e+00	1.000000000000000e-04	0.000000000000000e+00
4.500000000000000e-05	-2.000000000000000e-05	0.000000000000000e+00
5.500000000000000e-05	-2.000000000000000e-05	0.000000000000000e+00
5.500000000000000e-05	-1.000000000000000e-05	0.000000000000000e+00
4.500000000000000e-05	-1.000000000000000e-05	0.000000000000000e+00
2.040816326527104e-06	1.000000000000000e-04	0.000000000000000e+00
4.081632653054208e-06	1.000000000000000e-04	0.000000000000000e+00
6.122448979581313e-06	1.000000000000000e-04	0.000000000000000e+00
8.163265306108416e-06	1.000000000000000e-04	0.000000000000000e+00
1.020408163263552e-05	1.000000000000000e-04	0.000000000000000e+00
1.224489795916263e-05	1.000000000000000e-04	0.000000000000000e+00
1.428571428568973e-05	1.000000000000000e-04	0.000000000000000e+00
1.632653061221683e-05	1.000000000000000e-04	0.000000000000000e+00
1.836734693874394e-05	1.000000000000000e-04	0.000000000000000e+00
2.040816326527105e-05	1.000000000000000e-04	0.000000000000000e+00
2.244897959179815e-05	1.000000000000000e-04	0.000000000000000e+00
2.448979591832525e-05	1.000000000000000e-04	0.000000000000000e+00
2.653061224485327e-05	1.000000000000000e-04	0.000000000000000e+00
2.857142857138159e-05	1.000000000000000e-04	0.000000000000000e+00
3.061224489790992e-05	1.000000000000000e-04	0.000000000000000e+00
3.265306122443824e-05	1.000000000000000e-04	0.000000000000000e+00
3.469387755096656e-05	1.000000000000000e-04	0.000000000000000e+00
3.673469387749489e-05	1.000000000000000e-04	0.000000000000000e+00
3.877551020402322e-05	1.000000000000000e-04	0.000000000000000e+00
4.081632653055154e-05	1.000000000000000e-04	0.000000000000000e+00
4.285714285707987e-05	1.000000000000000e-04	0.000000000000000e+00
4.489795918360820e-05	1.000000000000000e-04	0.000000000000000e+00
4.693877551013652e-05	1.000000000000000e-04	0.000000000000000e+00
4.897959183666484e-05	1.000000000000000e-04	0.000000000000000e+00
5.102040816319662e-05	1.000000000000000e-04	0.000000000000000e+00
5.306122448973186e-05	1.000000000000000e-04	0.000000000000000e+00
5.510204081626710e-05	1.000000000000000e-04	0.000000000000000e+00
5.714285714280234e-05	1.000000000000000e-04	0.000000000000000e+00
5.918367346933759e-05	1.000000000000000e-04	0.000000000000000e+00
6.122448979587281e-05	1.000000000000000e-04	0.000000000000000e+00
6.326530612240806e-05	1.000000000000000e-04	0.000000000000000e+00
6.530612244894329e-05	1.000000000000000e-04	0.000000000000000e+00
6.734693877547853e-05	1.000000000000000e-04	0.000000000000000e+00
6.938775510201376e-05	1.000000000000000e-04	0.000000000000000e+00
7.142857142854902e-05	1.000000000000000e-04	0.000000000000000e+00
7.346938775508425e-05	1.000000000000000e-04	0.000000000000000e+00
7.551020408161863e-05	1.000000000000000e-04	0.000000000000000e+00
7.755102040815041e-05	1.000000000000000e-04	0.000000000000000e+00
7.959183673468220e-05	1.000000000000000e-04	0.000000000000000e+00
8.163265306121397e-05	1.000000000000000e-04	0.000000000000000e+00
8.367346938774575e-05	1.000000000000000e-04	0.000000000000000e+00
8.571428571427753e-05	1.000000000000000e-04	0.000000000000000e+00
8.775510204080932e-05	1.000000000000000e-04	0.000000000000000e+00
8.979591836734111e-05	1.000000000000000e-04	0.000000000000000e+00
9.183673469387288e-05	1.000000000000000e-04	0.000000000000000e+00
9.387755102040465e-05	1.000000000000000e-04	0.000000000000000e+00
9.591836734693644e-05	1.000000000000000e-04	0.000000000000000e+00
9.795918367346821e-05	1.000000000000000e-04	0.000000000000000e+00
1.000000000000000e-04	9.378326366236519e-05	0.000000000000000e+00
1.000000000000000e-04	8.356652815921284e-05	0.000000000000000e+00
1.000000000000000e-04	7.334979265606046e-05	0.000000000000000e+00
1.000000000000000e-04	6.313305715290808e-05	0.000000000000000e+00
1.000000000000000e-04	5.291632164973948e-05	0.000000000000000e+00
1.000000000000000e-04	4.269958614654327e-05	0.000000000000000e+00
1.000000000000000e-04	3.248285064332166e-05	0.000000000000000e+00
1.000000000000000e-04	2.423298105367048e-05	0.000000000000000e+00
1.000000000000000e-04	2.047331995048798e-05	0.000000000000000e+00
1.000000000000000e-04	1.839012390577771e-05	0.000000000000000e+00
1.000000000000000e-04	1.634677680513338e-05	0.000000000000000e+00
1.000000000000000e-04	1.430342970448907e-05	0.000000000000000e+00
1.000000000000000e-04	1.226008260384475e-05	0.000000000000000e+00
1.000000000000000e-04	1.021673550320043e-05	0.000000000000000e+00
1.000000000000000e-04	8.173388402556107e-06	0.000000000000000e+00
1.000000000000000e-04	6.130041301912191e-06	0.000000000000000e+00
1.000000000000000e-04	4.086694201274794e-06	0.000000000000000e+00
1.000000000000000e-04	2.043347100637397e-06	0.000000000000000e+00
9.797382815473194e-05	0.000000000000000e+00	0.000000000000000e+00
9.594765630946390e-05	0.000000000000000e+00	0.000000000000000e+00
9.392148446419584e-05	0.000000000000000e+00	0.000000000000000e+00
9.189531261892777e-05	0.000000000000000e+00	0.000000000000000e+00
8.986914077365973e-05	0.000000000000000e+00	0.000000000000000e+00
8.784296892838484e-05	0.000000000000000e+00	0.000000000000000e+00
8.581679708310151e-05	0.000000000000000e+00	0.000000000000000e+00
8.379062523781821e-05	0.000000000000000e+00	0.000000000000000e+00
8.176445339253490e-05	0.000000000000000e+00	0.000000000000000e+00
7.973828154725159e-05	0.000000000000000e+00	0.000000000000000e+00
7.771210970196827e-05	0.000000000000000e+00	0.000000000000000e+00
7.568593785667129e-05	0.000000000000000e+00	0.000000000000000e+00
7.365976601137273e-05	0.000000000000000e+00	0.000000000000000e+00
7.163359416607417e-05	0.000000000000000e+00	0.000000000000000e+00
6.960742232077560e-05	0.000000000000000e+00	0.000000000000000e+00
6.758125047547703e-05	0.000000000000000e+00	0.000000000000000e+00
6.555507863018368e-05	0.000000000000000e+00	0.000000000000000e+00
6.352890678490037e-05	0.000000000000000e+00	0.000000000000000e+00
6.150273493961707e-05	0.000000000000000e+00	0.000000000000000e+00
5.947656309432512e-05	0.000000000000000e+00	0.000000000000000e+00
5.745039124902654e-05	0.000000000000000e+00	0.000000000000000e+00
5.551339819418991e-05	0.000000000000000e+00	0.000000000000000e+00
5.540523436905972e-05	0.000000000000000e+00	0.000000000000000e+00
5.530392577679479e-05	0.000000000000000e+00	0.000000000000000e+00
5.520261718452986e-05	0.000000000000000e+00	0.000000000000000e+00
5.510130859226493e-05	0.000000000000000e+00	0.000000000000000e+00
5.490000000000000e-05	0.000000000000000e+00	0.000000000000000e+00
5.480000000000000e-05	0.000000000000000e+00	0.000000000000000e+00
5.470000000000000e-05	0.000000000000000e+00	0.000000000000000e+00
5.460000000000000e-05	0.000000000000000e+00	0.000000000000000e+00
5.450000000000000e-05	0.000000000000000e+00	0.000000000000000e+00
5.440000000000000e-05	0.000000000000000e+00	0.000000000000000e+00
5.430000000000001e-05	0.000000000000000e+00	0.000000000000000e+00
5.420000000000000e-05	0.000000000000000e+00	0.000000000000000e+00
5.410000000000000e-05	0.000000000000000e+00	0.000000000000000e+00
5.400000000000000e-05	0.000000000000000e+00	0.000000000000000e+00
5.390000000000000e-05	0.000000000000000e+00	0.000000000000000e+00
5.380000000000000e-05	0.000000000000000e+00	0.000000000000000e+00
5.370000000000000e-05	0.000000000000000e+00	0.000000000000000e+00
5.360000000000000e-05	0.000000000000000e+00	0.000000000000000e+00
5.350000000000000e-05	0.000000000000000e+00	0.000000000000000e+00
5.340000000000000e-05	0.000000000000000e+00	0.000000000000000e+00
5.330000000000000e-05	0.000000000000000e+00	0.000000000000000e+00
5.320000000000001e-05	0.000000000000000e+00	0.000000000000000e+00
5.310000000000000e-05	0.000000000000000e+00	0.000000000000000e+00
5.300000000000000e-05	0.000000000000000e+00	0.000000000000000e+00
5.290000000000000e-05	0.000000000000000e+00	0.000000000000000e+00
5.280000000000000e-05	0.000000000000000e+00	0.000000000000000e+00
5.270000000000000e-05	0.000000000000000e+00	0.000000000000000e+00
5.260000000000000e-05	0.000000000000000e+00	0.000000000000000e+00
5.250000000000000e-05	0.000000000000000e+00	0.000000000000000e+00
5.240000000000000e-05	0.000000000000000e+00	0.000000000000000e+00
5.230000000000000e-05	0.000000000000000e+00	0.000000000000000e+00
5.220000000000000e-05	0.000000000000000e+00	0.000000000000000e+00
5.210000000000000e-05	0.000000000000000e+00	0.000000000000000e+00
5.200000000000000e-05	0.000000000000000e+00	0.000000000000000e+00
5.190000000000000e-05	0.000000000000000e+00	0.000000000000000e+00
5.180000000000000e-05	0.000000000000000e+00	0.000000000000000e+00
5.170000000000000e-05	0.000000000000000e+00	0.000000000000000e+00
5.160000000000000e-05	0.000000000000000e+00	0.000000000000000e+00
5.150000000000000e-05	0.000000000000000e+00	0.000000000000000e+00
5.140000000000000e-05	0.000000000000000e+00	0.000000000000000e+00
5.130000000000000e-05	0.000000000000000e+00	0.000000000000000e+00
5.120000000000000e-05	0.000000000000000e+00	0.000000000000000e+00
5.110000000000000e-05	0.000000000000000e+00	0.000000000000000e+00
5.100000000000000e-05	0.000000000000000e+00	0.000000000000000e+00
5.090000000000000e-05	0.000000000000000e+00	0.000000000000000e+00
5.080000000000000e-05	0.000000000000000e+00	0.000000000000000e+00
5.070000000000000e-05	0.000000000000000e+00	0.000000000000000e+00
5.060000000000000e-05	0.000000000000000e+00	0.000000000000000e+00
5.050000000000000e-05	0.000000000000000e+00	0.000000000000000e+00
5.040000000000001e-05	0.000000000000000e+00	0.000000000000000e+00
5.030000000000000e-05	0.000000000000000e+00	0.000000000000000e+00
5.020000000000000e-05	0.000000000000000e+00	0.000000000000000e+00
5.010000000000000e-05	0.000000000000000e+00	0.000000000000000e+00
5.000000000000000e-05	0.000000000000000e+00	0.000000000000000e+00
4.990000000000000e-05	0.000000000000000e+00	0.000000000000000e+00
4.980000000000000e-05	0.000000000000000e+00	0.000000000000000e+00
4.970000000000000e-05	0.000000000000000e+00	0.000000000000000e+00
4.960000000000000e-05	0.000000000000000e+00	0.000000000000000e+00
4.950000000000000e-05	0.000000000000000e+00	0.000000000000000e+00
4.940000000000000e-05	0.000000000000000e+00	0.000000000000000e+00
4.930000000000000e-05	0.000000000000000e+00	0.000000000000000e+00
4.920000000000000e-05	0.000000000000000e+00	0.000000000000000e+00
4.910000000000000e-05	0.000000000000000e+00	0.000000000000000e+00
4.900000000000000e-05	0.000000000000000e+00	0.000000000000000e+00
4.890000000000000e-05	0.000000000000000e+00	0.000000000000000e+00
4.880000000000000e-05	0.000000000000000e+00	0.000000000000000e+00
4.870000000000000e-05	0.000000000000000e+00	0.000000000000000e+00
4.860000000000000e-05	0.000000000000000e+00	0.000000000000000e+00
4.850000000000000e-05	0.000000000000000e+00	0.000000000000000e+00
4.840000000000000e-05	0.000000000000000e+00	0.000000000000000e+00
4.830000000000000e-05	0.000000000000000e+00	0.000000000000000e+00
4.820000000000000e-05	0.000000000000000e+00	0.000000000000000e+00
4.810000000000000e-05	0.000000000000000e+00	0.000000000000000e+00
4.800000000000000e-05	0.000000000000000e+00	0.000000000000000e+00
4.790000000000000e-05	0.000000000000000e+00	0.000000000000000e+00
4.780000000000000e-05	0.000000000000000e+00	0.000000000000000e+00
4.770000000000000e-05	0.000000000000000e+00	0.000000000000000e+00
4.760000000000001e-05	0.000000000000000e+00	0.000000000000000e+00
4.750000000000000e-05	0.000000000000000e+00	0.000000000000000e+00
4.740000000000000e-05	0.000000000000000e+00	0.000000000000000e+00
4.730000000000000e-05	0.000000000000000e+00	0.000000000000000e+00
4.720000000000000e-05	0.000000000000000e+00	0.000000000000000e+00
4.710000000000001e-05	0.000000000000000e+00	0.000000000000000e+00
4.700000000000000e-05	0.000000000000000e+00	0.000000000000000e+00
4.690000000000000e-05	0.000000000000000e+00	0.000000000000000e+00
4.680000000000000e-05	0.000000000000000e+00	0.000000000000000e+00
4.670000000000000e-05	0.000000000000000e+00	0.000000000000000e+00
4.660000000000000e-05	0.000000000000000e+00	0.000000000000000e+00
4.650000000000001e-05	0.000000000000000e+00	0.000000000000000e+00
4.640000000000000e-05	0.000000000000000e+00	0.000000000000000e+00
4.630000000000000e-05	0.000000000000000e+00	0.000000000000000e+00
4.620000000000000e-05	0.000000000000000e+00	0.000000000000000e+00
4.610000000000000e-05	0.000000000000000e+00	0.000000000000000e+00
4.600000000000000e-05	0.000000000000000e+00	0.000000000000000e+00
4.590000000000000e-05	0.000000000000000e+00	0.000000000000000e+00
4.580000000000000e-05	0.000000000000000e+00	0.000000000000000e+00
4.570000000000000e-05	0.000000000000000e+00	0.000000000000000e+00
4.560000000000000e-05	0.000000000000000e+00	0.000000000000000e+00
4.550000000000000e-05	0.000000000000000e+00	0.000000000000000e+00
4.540000000000001e-05	0.000000000000000e+00	0.000000000000000e+00
4.530000000000000e-05	0.000000000000000e+00	0.000000000000000e+00
4.520000000000000e-05	0.000000000000000e+00	0.000000000000000e+00
4.510000000000001e-05	0.000000000000000e+00	0.000000000000000e+00
4.489869140773532e-05	0.000000000000000e+00	0.000000000000000e+00
4.479738281547063e-05	0.000000000000000e+00	0.000000000000000e+00
4.469607422320595e-05	0.000000000000000e+00	0.000000000000000e+00
4.459476563094151e-05	0.000000000000000e+00	0.000000000000000e+00
4.448660180581747e-05	0.000000000000000e+00	0.000000000000000e+00
4.254960875102809e-05	0.000000000000000e+00	0.000000000000000e+00
4.052343690574205e-05	0.000000000000000e+00	0.000000000000000e+00
3.849726506045600e-05	0.000000000000000e+00	0.000000000000000e+00
3.647109321517030e-05	0.000000000000000e+00	0.000000000000000e+00
3.444492136989189e-05	0.000000000000000e+00	0.000000000000000e+00
3.241874952461347e-05	0.000000000000000e+00	0.000000000000000e+00
3.039257767933506e-05	0.000000000000000e+00	0.000000000000000e+00
2.836640583405664e-05	0.000000000000000e+00	0.000000000000000e+00
2.634023398877486e-05	0.000000000000000e+00	0.000000000000000e+00
2.431406214349263e-05	0.000000000000000e+00	0.000000000000000e+00
2.228789029820960e-05	0.000000000000000e+00	0.000000000000000e+00
2.026171845291974e-05	0.000000000000000e+00	0.000000000000000e+00
1.823554660762989e-05	0.000000000000000e+00	0.000000000000000e+00
1.620937476234003e-05	0.000000000000000e+00	0.000000000000000e+00
1.418320291705018e-05	0.000000000000000e+00	0.000000000000000e+00
1.215703107176032e-05	0.000000000000000e+00	0.000000000000000e+00
1.013085922646836e-05	0.000000000000000e+00	0.000000000000000e+00
8.104687381174687e-06	0.000000000000000e+00	0.000000000000000e+00
6.078515535881012e-06	0.000000000000000e+00	0.000000000000000e+00
4.052343690587344e-06	0.000000000000000e+00	0.000000000000000e+00
2.026171845293675e-06	0.000000000000000e+00	0.000000000000000e+00
0.000000000000000e+00	2.043347100637962e-06	0.000000000000000e+00
0.000000000000000e+00	4.086694201275923e-06	0.000000000000000e+00
0.000000000000000e+00	6.130041301913885e-06	0.000000000000000e+00
0.000000000000000e+00	8.173388402552184e-06	0.000000000000000e+00
0.000000000000000e+00	1.021673550319050e-05	0.000000000000000e+00
0.000000000000000e+00	1.226008260382882e-05	0.000000000000000e+00
0.000000000000000e+00	1.430342970446523e-05	0.000000000000000e+00
0.000000000000000e+00	1.634677680510107e-05	0.000000000000000e+00
0.000000000000000e+00	1.839012390573636e-05	0.000000000000000e+00
0.000000000000000e+00	2.047331995042927e-05	0.000000000000000e+00
0.000000000000000e+00	2.423298105351552e-05	0.000000000000000e+00
0.000000000000000e+00	3.248285064299061e-05	0.000000000000000e+00
0.000000000000000e+00	4.269958614616721e-05	0.000000000000000e+00
0.000000000000000e+00	5.291632164937279e-05	0.000000000000000e+00
0.000000000000000e+00	6.313305715259356e-05	0.000000000000000e+00
0.000000000000000e+00	7.334979265583059e-05	0.000000000000000e+00
0.000000000000000e+00	8.356652815906759e-05	0.000000000000000e+00
0.000000000000000e+00	9.378326366230459e-05	0.000000000000000e+00
5.500000000000000e-05	-1.800000000000424e-05	0.000000000000000e+00
5.500000000000000e-05	-1.600000000000847e-05	0.000000000000000e+00
5.500000000000000e-05	-1.400000000000847e-05	0.000000000000000e+00
5.500000000000000e-05	-1.200000000000424e-05	0.000000000000000e+00
5.300000000000000e-05	-1.000000000000000e-05	0.000000000000000e+00
5.100000000000001e-05	-1.000000000000000e-05	0.000000000000000e+00
4.900000000000001e-05	-1.000000000000000e-05	0.000000000000000e+00
4.700000000000000e-05	-1.000000000000000e-05	0.000000000000000e+00
4.500000000000000e-05	-1.800000000000424e-05	0.000000000000000e+00
4.500000000000000e-05	-1.600000000000847e-05	0.000000000000000e+00
4.500000000000000e-05	-1.400000000000847e-05	0.000000000000000e+00
4.500000000000000e-05	-1.200000000000424e-05	0.000000000000000e+00
4.750002277054201e-05	-2.000000000000000e-05	0.000000000000000e+00
4.999999999998728e-05	-2.000000000000000e-05	0.000000000000000e+00
5.249997722944593e-05	-2.000000000000000e-05	0.000000000000000e+00
5.500000000000000e-05	-7.810373353532248e-06	0.000000000000000e+00
5.500000000000000e-05	-5.620746707060517e-06	0.000000000000000e+00
5.500000000000000e-05	-3.431120060581484e-06	0.000000000000000e+00
5.500000000000000e-05	-1.241493414098481e-06	0.000000000000000e+00
5.500000000000000e-05	-4.379253292965974e-07	0.000000000000000e+00
5.500000000000000e-05	-3.284439969722829e-07	0.000000000000000e+00
5.500000000000000e-05	-2.189626646479684e-07	0.000000000000000e+00
5.500000000000000e-05	-1.094813323238504e-07	0.000000000000000e+00
4.500000000000000e-05	-1.094813323239708e-07	0.000000000000000e+00
4.500000000000000e-05	-2.189626646479393e-07	0.000000000000000e+00
4.500000000000000e-05	-3.284439969719040e-07	0.000000000000000e+00
4.500000000000000e-05	-4.379253292958499e-07	0.000000000000000e+00
4.500000000000000e-05	-1.241493414078692e-06	0.000000000000000e+00
4.500000000000000e-05	-3.431120060555720e-06	0.000000000000000e+00
4.500000000000000e-05	-5.620746707037354e-06	0.000000000000000e+00
4.500000000000000e-05	-7.810373353520666e-06	0.000000000000000e+00
3.252090177399155e-05	4.702780053321946e-05	0.000000000000000e+00
6.697148809328730e-05	4.021376669112063e-05	0.000000000000000e+00
5.673091213211701e-05	1.085677673093472e-05	0.000000000000000e+00
6.268668192142486e-05	1.760147412682129e-05	0.000000000000000e+00
4.444602895802588e-05	9.917172910776841e-06	0.000000000000000e+00
7.582678540205311e-06	9.985440206852951e-06	0.000000000000000e+00
9.013013483909347e-05	9.134344666799854e-06	0.000000000000000e+00
7.296546947002926e-05	1.710427289144368e-05	0.000000000000000e+00
2.845367244911785e-05	1.780053061150423e-05	0.000000000000000e+00
7.317630377934318e-05	1.335146373014228e-05	0.000000000000000e+00
8.397272268130946e-06	7.964059170759167e-06	0.000000000000000e+00
9.146976244768793e-05	7.514257854272144e-06	0.000000000000000e+00
6.132091228601714e-05	8.703916048160734e-05	0.000000000000000e+00
7.678486034674087e-05	7.708117620473452e-05	0.000000000000000e+00
1.960471550781763e-05	7.831267294944524e-05	0.000000000000000e+00
9.039593416970838e-05	7.457453251578232e-05	0.000000000000000e+00
9.627736950037440e-06	9.080692837881240e-06	0.000000000000000e+00
9.362564233579644e-05	6.360645068960744e-06	0.000000000000000e+00
6.789570218223544e-05	6.430799849580910e-06	0.000000000000000e+00
3.256166765511804e-05	6.267713889933125e-06	0.000000000000000e+00
2.744208028504275e-05	9.076663015954269e-05	0.000000000000000e+00
7.495335739721110e-05	9.319015100397336e-05	0.000000000000000e+00
2.335246889602522e-05	8.989326024759882e-05	0.000000000000000e+00
5.602087349162961e-06	5.080893692725012e-06	0.000000000000000e+00
9.526503277451484e-05	5.521412739915030e-06	0.000000000000000e+00
8.095432458695977e-05	8.587182864143113e-05	0.000000000000000e+00
9.261276648558708e-05	8.182104980393206e-05	0.000000000000000e+00
1.699702045919264e-05	8.252131993494111e-05	0.000000000000000e+00
1.733565828315809e-05	1.363292235615092e-05	0.000000000000000e+00
8.396633733344722e-05	1.488628428959777e-05	0.000000000000000e+00
8.376215516979412e-05	5.910783068382281e-06	0.000000000000000e+00
9.579276138086649e-06	1.297701090589301e-05	0.000000000000000e+00
9.379921614983712e-05	1.410737720789446e-05	0.000000000000000e+00
8.201339592064053e-05	9.463921984145345e-05	0.000000000000000e+00
3.693054288905372e-06	3.530417027821946e-06	0.000000000000000e+00
9.620847475807576e-05	3.621769231733794e-06	0.000000000000000e+00
7.217800924379827e-06	9.118540836026486e-05	0.000000000000000e+00
5.761794975926686e-05	2.197321763445858e-05	0.000000000000000e+00
3.741374944120926e-05	8.041188273177940e-06	0.000000000000000e+00
5.790508935914861e-05	7.443526363359195e-05	0.000000000000000e+00
3.375248727565250e-05	1.004206464980722e-05	0.000000000000000e+00
6.598599942449680e-05	1.073096441175662e-05	0.000000000000000e+00
3.801580123433825e-05	7.337538657048218e-05	0.000000000000000e+00
4.908040420390048e-05	5.401999873101390e-06	0.000000000000000e+00
4.765446522277879e-05	2.503478828081906e-06	0.000000000000000e+00
4.696648123541089e-05	3.972156074349523e-06	0.000000000000000e+00
3.770840503173019e-05	1.437549467979435e-05	0.000000000000000e+00
6.346381239253509e-05	5.965795745125418e-06	0.000000000000000e+00
7.310971846609926e-05	5.206827947413259e-06	0.000000000000000e+00
6.988261080423349e-05	6.170982580628051e-05	0.000000000000000e+00
2.584157356881831e-05	1.132337400085178e-05	0.000000000000000e+00
7.666937910023887e-05	9.959454187795051e-06	0.000000000000000e+00
8.035842578644101e-05	7.307165377940207e-06	0.000000000000000e+00
1.979927927454852e-05	8.593433792116993e-06	0.000000000000000e+00
1.768298094220922e-05	3.439349659974908e-05	0.000000000000000e+00
3.934013782498037e-05	9.349314786043273e-05	0.000000000000000e+00
1.870247200283736e-05	3.179727313538223e-06	0.000000000000000e+00
8.037117134817131e-05	1.470025792053045e-05	0.000000000000000e+00
5.294833608931008e-05	4.898560065151143e-05	0.000000000000000e+00
5.145120788600786e-05	8.984443712280201e-05	0.000000000000000e+00
7.065551421976203e-05	8.898225050691673e-05	0.000000000000000e+00
1.456977448542827e-05	6.155580641642402e-06	0.000000000000000e+00
8.508864700332590e-05	4.228977563964531e-06	0.000000000000000e+00
5.912263533255419e-05	9.332028455767305e-05	0.000000000000000e+00
4.936959360958732e-06	1.342686850319253e-05	0.000000000000000e+00
8.318850567983101e-05	1.055872262154959e-05	0.000000000000000e+00
8.849506769128308e-05	5.593332282228103e-06	0.000000000000000e+00
1.069986503477262e-05	5.893723937903001e-06	0.000000000000000e+00
8.475371343826417e-05	5.079869663585804e-05	0.000000000000000e+00
1.642965872480528e-05	5.074426669231597e-05	0.000000000000000e+00
3.702519149200974e-06	1.169584304260394e-05	0.000000000000000e+00
9.449464138130048e-05	1.261159162934907e-05	0.000000000000000e+00
9.117006399115397e-05	1.863374929926540e-05	0.000000000000000e+00
1.210442920675065e-05	4.568668934223920e-05	0.000000000000000e+00
6.533172736351481e-05	9.459615172858810e-05	0.000000000000000e+00
3.446067807558675e-06	9.477660204540335e-06	0.000000000000000e+00
8.568327150183386e-06	3.938406047069982e-06	0.000000000000000e+00
9.182949890421757e-05	3.562672934121953e-06	0.000000000000000e+00
8.545033178839133e-05	7.380503855348160e-06	0.000000000000000e+00
9.616060521711406e-05	1.784565985407849e-05	0.000000000000000e+00
9.530643842640474e-05	9.432471697802839e-06	0.000000000000000e+00
3.877514879686028e-05	1.920588409907275e-06	0.000000000000000e+00
6.041743447785394e-05	1.821317433023564e-06	0.000000000000000e+00
8.146925463635894e-05	8.077638252622001e-05	0.000000000000000e+00
8.837518634075197e-05	1.376323026620468e-05	0.000000000000000e+00
6.576457789431492e-05	1.794199138120212e-05	0.000000000000000e+00
7.852063588317261e-05	3.683693872827812e-06	0.000000000000000e+00
6.863403952496240e-05	7.990208929123435e-05	0.000000000000000e+00
7.806378891962655e-05	9.771662890435563e-05	0.000000000000000e+00
7.343216719605455e-05	9.559567369659773e-05	0.000000000000000e+00
2.642498043188916e-05	1.615262040818133e-05	0.000000000000000e+00
7.406009875728277e-05	1.530848966058062e-05	0.000000000000000e+00
3.516526516954586e-06	7.605027832336918e-06	0.000000000000000e+00
9.826216933000854e-05	6.751375915598714e-06	0.000000000000000e+00
3.518882020904055e-05	2.193924241672731e-06	0.000000000000000e+00
7.711153041675452e-05	8.350577579006738e-05	0.000000000000000e+00
6.578571220697744e-06	6.428710737705284e-05	0.000000000000000e+00
2.263741671553298e-05	8.389799421952160e-05	0.000000000000000e+00
3.120819828519010e-05	1.771872768669664e-06	0.000000000000000e+00
6.790412918318806e-05	1.457994637163752e-06	0.000000000000000e+00
2.975927040814041e-05	9.658588067332097e-05	0.000000000000000e+00
1.346531719402831e-05	1.278961535089497e-05	0.000000000000000e+00
8.482237060110365e-05	9.844237036432566e-05	0.000000000000000e+00
2.955596552998263e-05	9.735033523677614e-06	0.000000000000000e+00
7.144034883686306e-05	8.523506578506197e-06	0.000000000000000e+00
4.198248693532573e-05	1.436114826058456e-05	0.000000000000000e+00
5.907675313812638e-05	1.591708158443802e-05	0.000000000000000e+00
1.871137211300128e-05	8.828981883641464e-05	0.000000000000000e+00
8.661273326988118e-05	7.878967229673676e-05	0.000000000000000e+00
8.589610174670858e-05	9.448423623982632e-05	0.000000000000000e+00
7.707746853183619e-05	8.918385606739028e-05	0.000000000000000e+00
9.886147806159393e-05	4.848857846823862e-06	0.000000000000000e+00
1.693877567139767e-06	2.910220930887608e-06	0.000000000000000e+00
9.839703331728848e-05	3.140057627405863e-06	0.000000000000000e+00
9.070449498153323e-06	8.064760737267051e-05	0.000000000000000e+00
8.323783090783679e-05	7.519813063577170e-05	0.000000000000000e+00
1.535522360628571e-05	1.824605864817172e-05	0.000000000000000e+00
8.605760967807690e-05	8.541112241109120e-05	0.000000000000000e+00
8.243671406902657e-05	9.053417285720011e-05	0.000000000000000e+00
8.460945593719657e-05	9.661020545189634e-05	0.000000000000000e+00
9.127998307285152e-05	6.679968382198995e-05	0.000000000000000e+00
1.281814339601529e-05	8.772526437720691e-05	0.000000000000000e+00
8.648568637684688e-05	9.769546148236733e-05	0.000000000000000e+00
1.240821310615488e-05	9.789256648482139e-05	0.000000000000000e+00
5.250343934718175e-05	1.003632903910264e-05	0.000000000000000e+00
4.698758393650932e-05	1.446451299403541e-05	0.000000000000000e+00
4.982427442185024e-05	1.708634725552572e-06	0.000000000000000e+00
5.588397624533456e-05	1.387678079890966e-05	0.000000000000000e+00
4.838677551134434e-05	2.288133769094015e-06	0.000000000000000e+00
4.248197036848224e-05	3.340385488813319e-06	0.000000000000000e+00
4.192770683887539e-05	3.864434487358193e-06	0.000000000000000e+00
6.051427461612168e-05	5.955911435565722e-06	0.000000000000000e+00
5.043517790811193e-05	5.360161146316119e-07	0.000000000000000e+00
5.101426376407012e-05	1.302155794561565e-06	0.000000000000000e+00
4.574271719121337e-05	3.163804942151078e-06	0.000000000000000e+00
4.780112942902828e-05	1.665461925277272e-06	0.000000000000000e+00
5.346811882282822e-05	2.459314940785847e-06	0.000000000000000e+00
4.836710166998669e-05	1.326344731311166e-06	0.000000000000000e+00
5.150654862896263e-05	1.518116627049141e-06	0.000000000000000e+00
5.161605140129644e-05	1.028822409544841e-06	0.000000000000000e+00
4.295171478542291e-05	1.857547735496194e-05	0.000000000000000e+00
5.200479819438384e-05	1.678831164515928e-06	0.000000000000000e+00
4.555381998573013e-05	2.197134645292364e-06	0.000000000000000e+00
5.710684592141657e-05	3.570279842088013e-05	0.000000000000000e+00
4.227316751086595e-05	2.357010815803035e-06	0.000000000000000e+00
4.796356749657912e-05	8.518395520240603e-07	0.000000000000000e+00
4.720177637412408e-05	3.575460615309057e-05	0.000000000000000e+00
4.476979418245220e-05	1.721531625602257e-06	0.000000000000000e+00
4.782119027634525e-05	7.341201223105965e-07	0.000000000000000e+00
3.984155783183821e-05	3.097347493207160e-06	0.000000000000000e+00
4.632332470071281e-05	5.426632042559167e-07	0.000000000000000e+00
5.368602052434403e-05	2.932294719128948e-07	0.000000000000000e+00
4.554206652847665e-05	3.770132356698248e-07	0.000000000000000e+00
5.385515719572763e-05	6.355923125024787e-05	0.000000000000000e+00
5.419374267357738e-05	6.141618458220363e-06	0.000000000000000e+00
4.671623946152299e-05	8.368709206338250e-05	0.000000000000000e+00
4.474135789015431e-05	6.302217630675755e-06	0.000000000000000e+00
5.005319684794694e-05	2.475513373626948e-05	0.000000000000000e+00
5.889328374491886e-05	8.478406514891474e-06	0.000000000000000e+00
4.656188492061311e-05	8.167440577748409e-06	0.000000000000000e+00
3.905972348740281e-05	1.753558271427041e-05	0.000000000000000e+00
5.752504063916587e-05	1.755519775560823e-05	0.000000000000000e+00
5.455798176329523e-05	8.209580842903093e-05	0.000000000000000e+00
3.307595215375291e-05	1.468290916097650e-05	0.000000000000000e+00
6.842928494785191e-05	5.067588343674365e-05	0.000000000000000e+00
6.100027760178983e-05	5.664224032189385e-05	0.000000000000000e+00
4.219862527569840e-05	4.795387872561056e-05	0.000000000000000e+00
3.479826402192588e-05	2.728655258024156e-05	0.000000000000000e+00
4.261055613911642e-05	8.940670414870853e-06	0.000000000000000e+00
6.068808872840463e-05	4.579564516649680e-05	0.000000000000000e+00
2.038424608331316e-05	3.469715111446669e-06	0.000000000000000e+00
4.031888691985679e-05	1.096295419931515e-05	0.000000000000000e+00
3.345907006706239e-05	8.059392089437872e-05	0.000000000000000e+00
5.512188092385469e-06	1.711252116661722e-05	0.000000000000000e+00
3.434603873338346e-05	9.600862784668102e-05	0.000000000000000e+00
2.642380860940211e-05	3.915663541388351e-05	0.000000000000000e+00
2.281423906402636e-05	6.062628949049185e-06	0.000000000000000e+00
2.682100590391658e-05	5.542615031134580e-05	0.000000000000000e+00
4.122452992897570e-05	5.983538487705236e-06	0.000000000000000e+00
5.553852542952591e-05	7.844713675668558e-06	0.000000000000000e+00
6.271082414025864e-05	6.761744486122791e-05	0.000000000000000e+00
6.126904636518968e-05	8.103166354063259e-05	0.000000000000000e+00
1.779461248689764e-05	1.628793622607791e-05	0.000000000000000e+00
1.698025701098176e-05	1.059794694961616e-05	0.000000000000000e+00
8.297495413479267e-05	1.631727870069187e-05	0.000000000000000e+00
1.097624528315797e-05	1.481146728419886e-05	0.000000000000000e+00
1.154282641774240e-05	9.262197360643259e-06	0.000000000000000e+00
6.844942004873778e-05	7.254082921777121e-05	0.000000000000000e+00
7.844606704990141e-06	1.196119336369284e-05	0.000000000000000e+00
6.433222157023156e-05	4.438017246549771e-06	0.000000000000000e+00
4.374086949391531e-05	1.184640112615747e-05	0.000000000000000e+00
5.910652344379546e-05	1.839053570236973e-05	0.000000000000000e+00
3.014306831002902e-05	6.612918240582512e-05	0.000000000000000e+00
5.978582327770460e-05	1.218453352797226e-05	0.000000000000000e+00
3.087884077268595e-05	2.652837674680805e-05	0.000000000000000e+00
1.161959077598085e-05	3.039071034430240e-06	0.000000000000000e+00
3.636393875312398e-05	4.140478630411640e-06	0.000000000000000e+00
5.816549833360653e-05	1.374995334904791e-05	0.000000000000000e+00
2.204587685606754e-05	4.733951138865636e-05	0.000000000000000e+00
5.899525267212961e-05	5.335895421887816e-06	0.000000000000000e+00
6.439936096252604e-05	2.064626228662379e-06	0.000000000000000e+00
2.092098856062558e-05	1.192185171154572e-05	0.000000000000000e+00
1.921270348934246e-05	4.944349163196540e-06	0.000000000000000e+00
8.664565576165745e-05	3.195883896191973e-06	0.000000000000000e+00
7.168059404394211e-05	3.362335921189744e-05	0.000000000000000e+00
3.028436190970253e-05	9.164518171407747e-05	0.000000000000000e+00
2.347462937089595e-05	1.797013516011908e-06	0.000000000000000e+00
3.812055750087804e-05	9.828040786220114e-05	0.000000000000000e+00
2.297261543122938e-05	1.238705009955500e-05	0.000000000000000e+00
6.479698310113932e-05	7.484599264523571e-05	0.000000000000000e+00
7.475206062351008e-05	7.617049101416944e-06	0.000000000000000e+00
1.768383662191147e-05	4.312755514612958e-06	0.000000000000000e+00
2.321169690124510e-05	9.239506474403855e-06	0.000000000000000e+00
1.662102804763208e-05	7.476715555099184e-06	0.000000000000000e+00
6.500433770771558e-05	9.182842996422449e-05	0.000000000000000e+00
6.147120880515059e-05	2.003507536047193e-05	0.000000000000000e+00
3.008585528338491e-05	1.620045974613293e-05	0.000000000000000e+00
6.785940229758231e-05	9.345094227200715e-05	0.000000000000000e+00
8.590485862288856e-05	1.182546349824915e-05	0.000000000000000e+00
1.844273075738537e-05	1.163692703564780e-05	0.000000000000000e+00
7.417248742265188e-05	7.178052044314256e-05	0.000000000000000e+00
8.145978867150359e-05	1.250858318678172e-05	0.000000000000000e+00
5.506440275765142e-05	5.552651505195767e-06	0.000000000000000e+00
7.529703061346301e-05	1.378567306908648e-05	0.000000000000000e+00
4.212261102837497e-05	9.788547020714007e-05	0.000000000000000e+00
2.622699580400809e-05	7.867268643380978e-06	0.000000000000000e+00
5.722427193456602e-05	9.461610873615989e-05	0.000000000000000e+00
8.755365402734703e-05	1.620499330086812e-05	0.000000000000000e+00
7.653405003103939e-05	3.794340716357353e-06	0.000000000000000e+00
3.018495614173666e-05	5.418189460698841e-06	0.000000000000000e+00
1.837778010346273e-05	4.403995070269888e-05	0.000000000000000e+00
6.914170151293923e-05	8.468769511076677e-05	0.000000000000000e+00
1.290615691901892e-05	1.480163220132717e-05	0.000000000000000e+00
2.991511491487929e-05	3.149881610489811e-06	0.000000000000000e+00
8.832101699930874e-06	1.493841576519480e-05	0.000000000000000e+00
8.145334708723217e-05	5.458337754998860e-06	0.000000000000000e+00
7.320742825465345e-05	9.437770560448273e-06	0.000000000000000e+00
6.977844694988775e-05	6.113973398186707e-06	0.000000000000000e+00
6.855358869683249e-05	1.030236307746415e-05	0.000000000000000e+00
9.161368517998896e-05	1.400755692756398e-05	0.000000000000000e+00
6.699217918552660e-05	1.405093463575294e-05	0.000000000000000e+00
6.990317904885677e-05	1.199418018602645e-05	0.000000000000000e+00
2.841557418475736e-05	7.032931614935327e-06	0.000000000000000e+00
8.998220007517121e-05	1.552592960530878e-05	0.000000000000000e+00
6.495875682498050e-05	8.218048511197251e-05	0.000000000000000e+00
6.760819677666502e-05	1.230195636767543e-05	0.000000000000000e+00
3.577393580074521e-05	7.540359967593121e-06	0.000000000000000e+00
1.225655049655744e-05	7.001161132927600e-06	0.000000000000000e+00
1.663457866977469e-05	1.558032891573950e-05	0.000000000000000e+00
1.832050856020993e-05	7.268757859647828e-05	0.000000000000000e+00
1.766304855911236e-06	1.531340295468967e-05	0.000000000000000e+00
3.148956014976854e-05	1.009920906830860e-05	0.000000000000000e+00
3.122609959547628e-05	1.240546745820775e-05	0.000000000000000e+00
2.450335910072545e-05	1.311304242509210e-05	0.000000000000000e+00
9.392728433493821e-05	1.835057710990326e-05	0.000000000000000e+00
7.273028773642242e-05	7.179928104076292e-06	0.000000000000000e+00
2.050947921883394e-05	5.797757024202421e-05	0.000000000000000e+00
8.231015680612195e-05	1.456088998671574e-05	0.000000000000000e+00
3.822494680484936e-05	3.596483317343755e-06	0.000000000000000e+00
7.847881453923237e-05	8.577529446206829e-06	0.000000000000000e+00
7.263234269229702e-05	1.631090868944822e-06	0.000000000000000e+00
2.759626172714401e-05	8.199634113813938e-05	0.000000000000000e+00
6.576252372058975e-05	1.542333261298362e-05	0.000000000000000e+00
7.212694564830843e-06	1.611780237593931e-05	0.000000000000000e+00
2.272851719911461e-05	1.516076648044032e-05	0.000000000000000e+00
9.681541689204237e-05	1.006261890082926e-05	0.000000000000000e+00
6.687196725732586e-05	8.871606482228739e-05	0.000000000000000e+00
7.582430704648943e-05	5.933792469064550e-06	0.000000000000000e+00
8.187486654073443e-05	8.755654934289026e-06	0.000000000000000e+00
7.604389931311077e-05	1.410787018291701e-06	0.000000000000000e+00
6.664085152884788e-05	4.591325702572736e-06	0.000000000000000e+00
4.703610528402455e-05	2.948740430226951e-06	0.000000000000000e+00
7.912470020148236e-05	1.889852616723170e-05	0.000000000000000e+00
8.691342108668908e-05	1.015306962867308e-05	0.000000000000000e+00
1.945642645345757e-05	1.304992862882978e-05	0.000000000000000e+00
8.494635748640640e-05	2.052859920833132e-06	0.000000000000000e+00
4.819504474148148e-05	3.125208175547369e-06	0.000000000000000e+00
1.124910364349271e-05	5.688741269783621e-05	0.000000000000000e+00
8.599175134074919e-05	1.416650852928769e-05	0.000000000000000e+00
3.981034594506949e-05	1.393271455779868e-05	0.000000000000000e+00
2.699300867400858e-05	1.481215884617452e-06	0.000000000000000e+00
1.607547801744471e-05	6.519700953900325e-05	0.000000000000000e+00
9.341620948874749e-05	8.655663662228059e-06	0.000000000000000e+00
9.013111021863089e-05	1.168914997576505e-05	0.000000000000000e+00
1.103356639547626e-05	2.006636148857134e-05	0.000000000000000e+00
5.990844225083340e-05	1.414600094779110e-05	0.000000000000000e+00
8.517946819366098e-05	1.610836411655247e-05	0.000000000000000e+00
3.176299432511211e-05	3.921866346760186e-06	0.000000000000000e+00
7.946785947941998e-05	5.348016959769653e-06	0.000000000000000e+00
3.721213351745813e-05	1.973919358589397e-06	0.000000000000000e+00
8.116607809452172e-05	1.746952915161674e-06	0.000000000000000e+00
3.393968843928471e-05	4.163957079632086e-06	0.000000000000000e+00
2.743244161602268e-05	9.776807323237984e-05	0.000000000000000e+00
6.306917149818892e-05	9.445265963573359e-05	0.000000000000000e+00
9.719046099982997e-05	1.695040974729501e-06	0.000000000000000e+00
1.144997989947794e-05	1.153758122985219e-05	0.000000000000000e+00
9.488783780373500e-05	1.588568696118502e-05	0.000000000000000e+00
4.022737089284490e-05	9.800935607949373e-05	0.000000000000000e+00
8.818039205423054e-05	3.729092706654922e-06	0.000000000000000e+00
2.883023535098097e-06	1.542603015405781e-06	0.000000000000000e+00
7.829995139234145e-06	4.831061680882358e-05	0.000000000000000e+00
8.365235487631534e-05	8.220083563646589e-06	0.000000000000000e+00
9.236189733547756e-05	1.618606302580551e-05	0.000000000000000e+00
8.391325688994163e-05	1.281923746902482e-05	0.000000000000000e+00
6.535527353572364e-05	6.675783015435279e-06	0.000000000000000e+00
1.489692312118040e-05	7.728696819381011e-05	0.000000000000000e+00
3.287866596191478e-05	1.324188777251033e-05	0.000000000000000e+00
2.759676987106567e-05	9.292579909071537e-06	0.000000000000000e+00
7.358252997653231e-05	8.625048334586790e-05	0.000000000000000e+00
8.781954892358251e-05	1.151837029956711e-05	0.000000000000000e+00
9.268765634153264e-05	1.224797524188372e-05	0.000000000000000e+00
5.220337453194267e-06	9.989839197816094e-06	0.000000000000000e+00
1.627838895171929e-06	8.266998461814132e-06	0.000000000000000e+00
7.463053951380315e-05	1.151229282863567e-05	0.000000000000000e+00
9.397287150198032e-05	1.077194233138071e-05	0.000000000000000e+00
7.142644921687776e-05	9.250352018032831e-05	0.000000000000000e+00
7.677952511682649e-05	7.683792860528687e-06	0.000000000000000e+00
3.829088000448074e-06	5.756534744853196e-06	0.000000000000000e+00
3.320159493759169e-05	2.035819744039181e-06	0.000000000000000e+00
2.805026441743952e-05	9.438848921874636e-05	0.000000000000000e+00
7.316269822746211e-05	8.140963599370409e-05	0.000000000000000e+00
1.646110134676319e-06	1.063031903051386e-05	0.000000000000000e+00
3.487567856704427e-05	6.068146183342358e-06	0.000000000000000e+00
7.940750311978880e-05	7.100550531022891e-05	0.000000000000000e+00
6.564876675377834e-05	1.323284369195825e-05	0.000000000000000e+00
8.888482263266857e-05	7.453771961864451e-06	0.000000000000000e+00
4.328732873542374e-05	7.800093581281396e-06	0.000000000000000e+00
1.213446325547990e-05	4.978733637494484e-06	0.000000000000000e+00
7.925033628012819e-05	1.860273737548389e-06	0.000000000000000e+00
7.235507192858151e-05	9.777298533916014e-05	0.000000000000000e+00
8.566243737614016e-05	4.143533650696749e-05	0.000000000000000e+00
3.048277449574013e-05	7.867468874532154e-06	0.000000000000000e+00
1.509482575027448e-05	9.787256111546425e-05	0.000000000000000e+00
7.418415772102425e-06	5.059162192897838e-06	0.000000000000000e+00
6.956210286673164e-05	8.307671948543311e-06	0.000000000000000e+00
8.681313856822704e-05	4.840953396391831e-06	0.000000000000000e+00
5.295363886046216e-06	7.144561666457959e-06	0.000000000000000e+00
7.004864665910629e-05	9.834165531435901e-05	0.000000000000000e+00
8.697637544121484e-05	8.359439114719152e-06	0.000000000000000e+00
3.413807128203703e-05	7.868806213561180e-06	0.000000000000000e+00
9.742933988900112e-06	2.860555381851722e-06	0.000000000000000e+00
1.009474490023514e-05	3.409993342908931e-05	0.000000000000000e+00
9.207369008524617e-05	5.718054581560358e-05	0.000000000000000e+00
1.082365506961435e-05	7.224267728914093e-05	0.000000000000000e+00
9.496193220357655e-05	7.371613280543527e-06	0.000000000000000e+00
9.802853288908963e-05	1.701999757090760e-05	0.000000000000000e+00
7.653740172470239e-06	1.964278496750373e-06	0.000000000000000e+00
2.804603502553808e-05	1.154928728111227e-05	0.000000000000000e+00
1.023347369130707e-05	7.538550658692862e-06	0.000000000000000e+00
1.786791673657286e-06	1.310320976168484e-05	0.000000000000000e+00
6.084146246994366e-05	9.154098386105340e-06	0.000000000000000e+00
9.641734889340095e-05	2.006592192499770e-05	0.000000000000000e+00
1.735165890765985e-05	2.169959860743696e-06	0.000000000000000e+00
9.276911709509761e-05	1.985544817516154e-06	0.000000000000000e+00
7.164764999102583e-05	7.640532773511986e-05	0.000000000000000e+00
5.301475429208036e-05	2.718545564852730e-06	0.000000000000000e+00
7.770062666064240e-05	5.556798380897227e-06	0.000000000000000e+00
7.346487944239570e-05	9.032319550769338e-05	0.000000000000000e+00
9.667715309227324e-05	1.605344748424463e-05	0.000000000000000e+00
2.698445401412100e-05	8.654293289469177e-05	0.000000000000000e+00
9.032027818586242e-05	2.178046029454106e-06	0.000000000000000e+00
9.287534464075709e-05	4.770942274486255e-05	0.000000000000000e+00
8.690367484118500e-05	6.506053177037276e-06	0.000000000000000e+00
6.854108859630695e-05	1.796458346238019e-05	0.000000000000000e+00
6.046071027421741e-05	1.723538295157769e-05	0.000000000000000e+00
9.186752830526975e-05	1.000558526687729e-05	0.000000000000000e+00
8.233496084503956e-05	7.084783221949283e-06	0.000000000000000e+00
9.216536544591953e-05	3.724466523905289e-05	0.000000000000000e+00
8.569350829958123e-05	5.738460447659930e-06	0.000000000000000e+00
7.211920634334816e-05	1.161473213842401e-05	0.000000000000000e+00
9.376233916799228e-05	4.051597139584576e-06	0.000000000000000e+00
6.700935730836656e-05	8.571480622602043e-06	0.000000000000000e+00
9.029095234768988e-05	4.345344902813425e-06	0.000000000000000e+00
9.820461845823146e-05	1.521414861336310e-05	0.000000000000000e+00
9.496658879910923e-05	1.892325360594004e-06	0.000000000000000e+00
9.669506353820236e-05	8.020882762065662e-06	0.000000000000000e+00
9.701099122986341e-06	1.075904817256243e-05	0.000000000000000e+00
7.080970626760001e-05	1.784473654222012e-05	0.000000000000000e+00
1.742682963119354e-05	9.549010850630375e-05	0.000000000000000e+00
2.286344251592009e-06	6.495690281630537e-06	0.000000000000000e+00
8.032316756561207e-05	9.746811639321253e-05	0.000000000000000e+00
5.039540636923371e-06	3.531263202783402e-06	0.000000000000000e+00
7.464326364236030e-05	9.801414251857696e-05	0.000000000000000e+00
9.718179868722492e-05	5.016178228709581e-06	0.000000000000000e+00
3.820486598306988e-05	1.082569948501324e-05	0.000000000000000e+00
9.871226449437009e-05	1.375689140554552e-06	0.000000000000000e+00
1.271185453617433e-06	1.377024194701707e-06	0.000000000000000e+00
3.607085521611139e-05	1.128699645766078e-05	0.000000000000000e+00
9.651813330397295e-05	6.477029810187959e-06	0.000000000000000e+00
7.855733193818606e-05	6.962872662790004e-06	0.000000000000000e+00
2.212164931349297e-05	9.590429444881694e-05	0.000000000000000e+00
7.867412918480604e-05	9.410577784384728e-05	0.000000000000000e+00
1.917060684680870e-06	4.818266414730516e-06	0.000000000000000e+00
8.478220981099204e-05	6.891792307332774e-05	0.000000000000000e+00
8.285735459141443e-05	9.782739794702063e-05	0.000000000000000e+00
5.084941406553782e-05	5.289960998128079e-06	0.000000000000000e+00
5.506303928362857e-05	3.491525474551494e-06	0.000000000000000e+00
4.485952978702358e-05	3.549119462699197e-06	0.000000000000000e+00
5.388739615421475e-05	1.705224169112535e-06	0.000000000000000e+00
4.676263498345054e-05	1.395837518019354e-06	0.000000000000000e+00
5.090975443200252e-05	1.771017864682153e-06	0.000000000000000e+00
5.288457955467638e-05	1.322454457101783e-06	0.000000000000000e+00
4.966724781461276e-05	7.172142256288933e-07	0.000000000000000e+00
5.002412279811993e-05	4.701536633873425e-07	0.000000000000000e+00
4.316190934404729e-05	2.170583151330761e-06	0.000000000000000e+00
4.707641715052467e-05	6.056463351325392e-07	0.000000000000000e+00
4.379577020464618e-05	1.846100371069750e-06	0.000000000000000e+00
5.217547100197723e-05	6.436179622299921e-06	0.000000000000000e+00
4.845362623563956e-05	6.699250066742856e-07	0.000000000000000e+00
4.737739678004358e-05	8.868370418869127e-07	0.000000000000000e+00
5.176763106766956e-05	8.045394492511528e-07	0.000000000000000e+00
5.236175580675844e-05	1.595172478934052e-05	0.000000000000000e+00
5.154682192856628e-05	7.666901920422620e-07	0.000000000000000e+00
4.613114013906057e-05	1.019885758033585e-06	0.000000000000000e+00
5.168320851792108e-05	1.808299263864593e-06	0.000000000000000e+00
5.542173726754465e-05	1.534964670798339e-05	0.000000000000000e+00
5.054490224016959e-05	1.109487952671562e-06	0.000000000000000e+00
5.269944406748795e-05	5.067098092246703e-07	0.000000000000000e+00
5.047789147286543e-05	2.512756222444271e-06	0.000000000000000e+00
4.422124113809651e-05	4.299089647618860e-06	0.000000000000000e+00
5.161694828075588e-05	4.117300751733385e-07	0.000000000000000e+00
5.101485560279688e-05	3.467899805054683e-07	0.000000000000000e+00
5.019234168734202e-05	2.077101152012289e-07	0.000000000000000e+00
4.875851269583756e-05	9.087314179631168e-06	0.000000000000000e+00
4.836239147095002e-05	8.787254439055164e-07	0.000000000000000e+00
4.585621954921252e-05	1.240611141877954e-06	0.000000000000000e+00
4.661337774598310e-05	1.079011341796090e-05	0.000000000000000e+00
4.808466518412527e-05	1.979340227498617e-05	0.000000000000000e+00
4.463494184132978e-05	2.997196298476229e-05	0.000000000000000e+00
5.543178925171819e-05	4.748835090754811e-06	0.000000000000000e+00
5.132048312993062e-05	3.187680746172208e-07	0.000000000000000e+00
4.397835443243309e-05	3.236418948034233e-06	0.000000000000000e+00
4.392501066472583e-05	5.394855771878785e-06	0.000000000000000e+00
4.763349255327641e-05	3.414318401051901e-07	0.000000000000000e+00
5.040059597929687e-05	1.190211727923163e-05	0.000000000000000e+00
4.938065584791867e-05	2.638710807181456e-06	0.000000000000000e+00
5.290006471371579e-05	2.049374821328507e-07	0.000000000000000e+00
4.616784858921644e-05	5.146589563922547e-06	0.000000000000000e+00
5.791471304015909e-05	2.717831098796484e-05	0.000000000000000e+00
4.788778420725218e-05	1.056074797120785e-06	0.000000000000000e+00
4.892776468442236e-05	2.969719008207205e-05	0.000000000000000e+00
4.601551529486538e-05	3.014891952978132e-07	0.000000000000000e+00
4.820321786415180e-05	4.097828825754000e-07	0.000000000000000e+00
5.089399824391325e-05	9.188185437375854e-07	0.000000000000000e+00
5.306692963131339e-05	2.909886685878163e-05	0.000000000000000e+00
3.943873991764347e-05	3.062263542523616e-05	0.000000000000000e+00
5.407444942408346e-05	1.688200102871610e-07	0.000000000000000e+00
5.148343624801222e-05	2.532054671169122e-06	0.000000000000000e+00
5.393925956474088e-05	9.631022705170871e-07	0.000000000000000e+00
4.663416664781240e-05	2.195632595781198e-07	0.000000000000000e+00
5.286072555093736e-05	7.772532136764708e-06	0.000000000000000e+00
4.890330504150257e-05	1.396090190901689e-06	0.000000000000000e+00
5.402363633101062e-05	3.907339862224395e-07	0.000000000000000e+00
5.060738875108299e-05	4.250730199164066e-05	0.000000000000000e+00
5.439333615503640e-05	4.127792834545763e-05	0.000000000000000e+00
4.902158201125207e-05	1.986296242811509e-06	0.000000000000000e+00
4.670349807018570e-05	6.403601157825360e-06	0.000000000000000e+00
6.355915734632390e-05	7.474824556474349e-06	0.000000000000000e+00
5.040311901997175e-05	2.170503216370419e-07	0.000000000000000e+00
5.430630069471628e-05	1.760474572542279e-07	0.000000000000000e+00
6.198000283628447e-05	8.001871151144074e-06	0.000000000000000e+00
4.871473432887621e-05	1.738397515909679e-07	0.000000000000000e+00
5.275678515840828e-05	4.730681963242832e-06	0.000000000000000e+00
4.753133246192576e-05	1.469332051808151e-06	0.000000000000000e+00
5.343155036053627e-05	5.550434051741907e-05	0.000000000000000e+00
4.413887934328891e-05	4.194172898722915e-05	0.000000000000000e+00
5.530877918169722e-05	2.671792469680265e-06	0.000000000000000e+00
4.515441356094170e-05	1.219586122519137e-05	0.000000000000000e+00
5.308534775077447e-05	2.300895200495456e-06	0.000000000000000e+00
4.819937391189284e-05	6.820585537810419e-06	0.000000000000000e+00
5.527794562419304e-05	1.082731640392161e-05	0.000000000000000e+00
4.380013633947913e-05	2.489617072989978e-06	0.000000000000000e+00
4.850054895059332e-05	4.225580766305489e-06	0.000000000000000e+00
4.808466618362778e-05	1.270488410369462e-06	0.000000000000000e+00
4.095418431008074e-05	4.004571954215966e-06	0.000000000000000e+00
4.452146796084889e-05	5.493655019605167e-05	0.000000000000000e+00
4.514957071848562e-05	4.301634635908041e-06	0.000000000000000e+00
5.468218453178014e-05	8.847915031519492e-06	0.000000000000000e+00
5.613479662858073e-05	1.873917211749998e-05	0.000000000000000e+00
5.299831348787650e-05	2.257526136137198e-07	0.000000000000000e+00
4.647138209595336e-05	2.112438414856461e-07	0.000000000000000e+00
4.354091667087870e-05	7.815350085427787e-05	0.000000000000000e+00
3.715582009413622e-05	8.006493405845055e-05	0.000000000000000e+00
3.963081729425797e-05	4.171874789049817e-05	0.000000000000000e+00
4.599328899816247e-05	2.426655409979032e-05	0.000000000000000e+00
4.361645580618101e-05	6.681109128727859e-05	0.000000000000000e+00
4.640507758160395e-05	2.353772568884825e-06	0.000000000000000e+00
4.796465477967972e-05	1.971844709657925e-07	0.000000000000000e+00
5.437200596116060e-05	4.003894795994084e-06	0.000000000000000e+00
4.115612529748839e-05	2.016711780829638e-05	0.000000000000000e+00
4.829340989978109e-05	6.545682991785298e-07	0.000000000000000e+00
5.337019109652577e-05	1.819167871251959e-07	0.000000000000000e+00
4.812139499758689e-05	6.788343335616302e-05	0.000000000000000e+00
3.516112293614946e-05	6.627705620599170e-05	0.000000000000000e+00
4.573023941976292e-05	2.380365949089068e-07	0.000000000000000e+00
5.907607575135454e-05	4.156907131642793e-05	0.000000000000000e+00
5.317954591321025e-05	2.717059279217150e-07	0.000000000000000e+00
4.776062088625041e-05	1.290374984797492e-06	0.000000000000000e+00
3.676858619030767e-05	2.454507778654045e-05	0.000000000000000e+00
4.813625566030604e-05	9.894626601514989e-07	0.000000000000000e+00
4.632737294101628e-05	8.706730536556977e-05	0.000000000000000e+00
4.327646190990113e-05	8.914574698341233e-05	0.000000000000000e+00
5.349939126516677e-05	2.256566118435400e-05	0.000000000000000e+00
4.589959105403176e-05	7.866357844322487e-05	0.000000000000000e+00
5.169095907646851e-05	3.545634190128318e-05	0.000000000000000e+00
4.761137356904271e-05	5.216040218991203e-06	0.000000000000000e+00
3.496097193594974e-05	3.997661184557519e-05	0.000000000000000e+00
5.682480655236396e-05	5.393412501713631e-05	0.000000000000000e+00
4.554003310793246e-05	1.144201970034869e-07	0.000000000000000e+00
5.610895915822255e-05	7.057540378734638e-05	0.000000000000000e+00
3.309952643493544e-05	5.406929656182606e-05	0.000000000000000e+00
5.074047778906994e-05	8.727508829786924e-05	0.000000000000000e+00
4.094929213034677e-05	3.528550983180646e-05	0.000000000000000e+00
5.268854555186265e-05	2.402775278635608e-06	0.000000000000000e+00
4.129632948291874e-05	8.428300969670252e-06	0.000000000000000e+00
4.559789210987702e-05	1.453544408802427e-06	0.000000000000000e+00
6.253896546348346e-05	3.544140042483251e-05	0.000000000000000e+00
5.183675485266616e-05	1.417623669843392e-06	0.000000000000000e+00
4.630870805433428e-05	4.844403539932626e-05	0.000000000000000e+00
4.089437574891289e-05	5.093478204233829e-06	0.000000000000000e+00
4.509533268763063e-05	8.956910739094126e-06	0.000000000000000e+00
3.939193955034150e-05	9.029837133969242e-05	0.000000000000000e+00
4.749774630132109e-05	3.873161579822063e-06	0.000000000000000e+00
6.773292422783194e-05	4.517376879161377e-05	0.000000000000000e+00
5.111631420413748e-05	9.201825041432461e-07	0.000000000000000e+00
5.366625190502560e-05	8.727016724184517e-05	0.000000000000000e+00
6.161006653541323e-05	6.234814476633471e-05	0.000000000000000e+00
4.775966316170795e-05	2.089881055440476e-06	0.000000000000000e+00
5.456860419029006e-05	7.093024937039949e-06	0.000000000000000e+00
4.367331067867079e-05	1.444371450257807e-05	0.000000000000000e+00
4.641258518610132e-05	1.638840379977961e-07	0.000000000000000e+00
3.594098942630609e-05	3.013941666475326e-05	0.000000000000000e+00
4.105964061253821e-05	8.490000222343627e-05	0.000000000000000e+00
5.614587700917000e-05	7.846177980130260e-05	0.000000000000000e+00
5.388651599829981e-05	1.495943911835715e-07	0.000000000000000e+00
6.046114123318119e-05	5.076790796403146e-05	0.000000000000000e+00
5.029815856070569e-05	8.275202504720830e-05	0.000000000000000e+00
4.840820845552001e-05	1.618218844122501e-07	0.000000000000000e+00
4.447231011428071e-05	1.316567140685573e-05	0.000000000000000e+00
5.623941608863769e-05	5.494771941377950e-06	0.000000000000000e+00
3.933316597490962e-05	6.007868564667123e-05	0.000000000000000e+00
4.311483555468661e-05	1.031790131050787e-05	0.000000000000000e+00
6.135651931567313e-05	3.213320203578938e-05	0.000000000000000e+00
4.173745439913418e-05	3.192762202325436e-06	0.000000000000000e+00
5.037595402886092e-05	6.202022866106573e-05	0.000000000000000e+00
5.821720323657469e-05	5.965111843864302e-05	0.000000000000000e+00
4.194533527911980e-05	9.247783953903077e-05	0.000000000000000e+00
5.883236790718756e-05	8.547895987890715e-05	0.000000000000000e+00
5.841332518980291e-05	4.786584161517401e-05	0.000000000000000e+00
6.907995758507347e-05	5.622404788940765e-05	0.000000000000000e+00
4.785045587217195e-05	5.506353020246826e-07	0.000000000000000e+00
3.732241431330769e-05	1.722027449532884e-05	0.000000000000000e+00
3.533419329362577e-05	7.709104758489505e-05	0.000000000000000e+00
3.744912762894925e-05	1.925815067528470e-05	0.000000000000000e+00
5.640404259571412e-05	8.702914967085195e-05	0.000000000000000e+00
2.285829490978163e-05	9.842098860984699e-05	0.000000000000000e+00
4.463569019461285e-05	2.728431154688514e-06	0.000000000000000e+00
3.364010831711721e-05	7.372215245383091e-05	0.000000000000000e+00
4.717566995704492e-05	2.528725837317100e-06	0.000000000000000e+00
4.260734673330271e-05	1.638380697023004e-05	0.000000000000000e+00
4.830037621939803e-05	2.654338613657680e-06	0.000000000000000e+00
4.622496805863570e-05	1.638534459691068e-07	0.000000000000000e+00
5.974844556065200e-05	2.071522003012797e-05	0.000000000000000e+00
4.842697509090869e-05	1.755087984393284e-06	0.000000000000000e+00
3.663964834025359e-05	9.449454065788890e-05	0.000000000000000e+00
6.373975906389730e-05	4.329535257154059e-05	0.000000000000000e+00
3.732943455386926e-05	4.739561938071274e-05	0.000000000000000e+00
3.234366500081213e-05	6.212264855085522e-05	0.000000000000000e+00
4.066964201509909e-05	1.580234109839701e-05	0.000000000000000e+00
5.121860602344648e-05	7.518745519401636e-05	0.000000000000000e+00
6.559861000471531e-05	5.926006125768656e-05	0.000000000000000e+00
4.151285876099707e-05	1.205883221616270e-06	0.000000000000000e+00
6.001986561103237e-05	7.074952562603289e-05	0.000000000000000e+00
4.813895629344664e-05	1.975215855070264e-06	0.000000000000000e+00
4.108036685262021e-05	2.439988115482891e-06	0.000000000000000e+00
4.394370058995857e-05	9.532209952748970e-05	0.000000000000000e+00
3.409165729844160e-05	6.989304694504628e-05	0.000000000000000e+00
6.498389272032892e-05	8.858786190119849e-06	0.000000000000000e+00
5.797082355832259e-05	6.614690166977117e-05	0.000000000000000e+00
2.130621529957141e-05	7.289975731804315e-06	0.000000000000000e+00
6.374532941328400e-05	7.184938241305558e-05	0.000000000000000e+00
1.822229573698565e-06	1.747795295348221e-05	0.000000000000000e+00
5.639409117014527e-05	1.213060214281386e-05	0.000000000000000e+00
4.813428654864219e-05	5.730262733616749e-07	0.000000000000000e+00
4.114710975914804e-05	1.273282338920924e-05	0.000000000000000e+00
5.357872680201541e-05	8.918526464193533e-08	0.000000000000000e+00
3.557381406329202e-05	8.383146082051639e-05	0.000000000000000e+00
5.599936292081795e-05	9.555237807381095e-06	0.000000000000000e+00
5.986182133410444e-05	9.817172211051206e-05	0.000000000000000e+00
4.212763049981096e-05	1.147734913122143e-05	0.000000000000000e+00
2.498848940590369e-05	3.490222899804360e-06	0.000000000000000e+00
2.441764216682602e-05	5.098912667331086e-06	0.000000000000000e+00
2.938531042463448e-05	5.071973754025781e-05	0.000000000000000e+00
3.630945983215871e-05	9.202551681515163e-05	0.000000000000000e+00
5.942349096066775e-05	7.825216805903400e-05	0.000000000000000e+00
1.633230935134396e-05	1.709041305460067e-05	0.000000000000000e+00
3.639106527873273e-05	1.578319586822630e-05	0.000000000000000e+00
4.802330074755643e-05	2.376684276176776e-06	0.000000000000000e+00
3.627728806132194e-05	8.979997009902978e-05	0.000000000000000e+00
6.186263657951715e-05	6.693402766354812e-06	0.000000000000000e+00
4.140839773462756e-05	9.737490041132927e-06	0.000000000000000e+00
2.733624876441390e-05	4.697499528273158e-05	0.000000000000000e+00
6.504751471060491e-05	5.364814639394249e-05	0.000000000000000e+00
2.544237261002633e-05	1.720225594178954e-06	0.000000000000000e+00
6.452141557781903e-05	4.819012765738605e-05	0.000000000000000e+00
4.554127808798282e-05	5.595900528844680e-07	0.000000000000000e+00
7.696890863186484e-05	1.828350468733287e-05	0.000000000000000e+00
4.102426426511761e-05	1.803399089365796e-05	0.000000000000000e+00
3.530307446243988e-05	1.356359184148597e-05	0.000000000000000e+00
1.840143661480082e-05	9.719631386562534e-06	0.000000000000000e+00
4.458315729003004e-05	1.101327225739192e-05	0.000000000000000e+00
5.107811683209590e-06	1.522133237202935e-05	0.000000000000000e+00
4.236326236380218e-05	5.977420008887677e-06	0.000000000000000e+00
5.519330245517663e-05	8.929327221866304e-05	0.000000000000000e+00
5.441186320393290e-05	4.969904076629039e-06	0.000000000000000e+00
5.713492654231503e-05	8.276323576223943e-06	0.000000000000000e+00
3.021418576295206e-05	4.244834037157442e-05	0.000000000000000e+00
4.716293499907888e-05	3.448110200574490e-06	0.000000000000000e+00
3.954048357378683e-05	8.962829227694282e-06	0.000000000000000e+00
4.742441558156313e-05	2.162289038177526e-06	0.000000000000000e+00
7.395772020179341e-05	5.799367933994402e-05	0.000000000000000e+00
4.638336722362872e-05	3.941360995564628e-06	0.000000000000000e+00
6.166392690973688e-05	1.081979748642421e-05	0.000000000000000e+00
5.778793198324915e-05	1.963088340930741e-05	0.000000000000000e+00
1.760816484071361e-05	9.817036051297256e-05	0.000000000000000e+00
6.624307814785368e-05	6.461998304934204e-05	0.000000000000000e+00
8.430486960345207e-05	1.757781709720209e-05	0.000000000000000e+00
6.177162474957038e-05	8.374834942755280e-05	0.000000000000000e+00
4.830053830174914e-05	9.819562210351641e-05	0.000000000000000e+00
3.514486248710690e-06	1.413269956817355e-05	0.000000000000000e+00
2.540294975005324e-05	3.456449162508150e-05	0.000000000000000e+00
7.059018984440648e-05	6.735942738529079e-05	0.000000000000000e+00
2.292868704246500e-05	7.884905360606073e-06	0.000000000000000e+00
3.665596647030282e-05	9.726539439964918e-05	0.000000000000000e+00
5.821357424466577e-05	8.197449285476898e-05	0.000000000000000e+00
5.917570631154508e-06	1.190471149712096e-05	0.000000000000000e+00
5.339964363761468e-05	9.512872384142974e-05	0.000000000000000e+00
3.999484747018222e-06	1.884634811958592e-05	0.000000000000000e+00
6.589389791451829e-05	3.210645634515829e-06	0.000000000000000e+00
7.189445948432751e-05	4.389886941462623e-06	0.000000000000000e+00
4.328101504229520e-05	3.731843920981554e-06	0.000000000000000e+00
5.933341968944257e-05	1.024171830970506e-05	0.000000000000000e+00
3.055482185908430e-05	5.813686567554901e-05	0.000000000000000e+00
1.784437830990658e-05	1.768557655180609e-05	0.000000000000000e+00
3.863063065862012e-05	9.622489683073602e-05	0.000000000000000e+00
1.546034392373442e-05	8.171486213666141e-06	0.000000000000000e+00
5.783866086740630e-05	1.148100690949343e-06	0.000000000000000e+00
7.342498514489556e-05	5.272250490617018e-05	0.000000000000000e+00
4.312261230722048e-05	1.355186557348693e-06	0.000000000000000e+00
7.143497190097046e-05	2.964080003224017e-06	0.000000000000000e+00
7.232022154180591e-05	4.708590544302257e-05	0.000000000000000e+00
7.830590434490994e-05	1.701517212563619e-05	0.000000000000000e+00
6.473936574314562e-06	3.501993261875006e-06	0.000000000000000e+00
7.228067845814704e-05	1.515644845681443e-05	0.000000000000000e+00
4.817575700433735e-05	1.566837741318019e-06	0.000000000000000e+00
6.138440939193406e-05	7.477589359697180e-05	0.000000000000000e+00
7.443564831650142e-05	2.470994034279900e-06	0.000000000000000e+00
2.452652857631240e-05	4.280680470321397e-05	0.000000000000000e+00
8.124540788286347e-05	1.047001856328604e-05	0.000000000000000e+00
3.549822516325464e-05	1.787931274933129e-05	0.000000000000000e+00
1.279875013288923e-05	1.725205337478607e-06	0.000000000000000e+00
2.178461546261292e-05	9.000703039095609e-06	0.000000000000000e+00
8.478632096672456e-05	1.914869334321144e-05	0.000000000000000e+00
6.368313784776603e-05	2.024900381817646e-05	0.000000000000000e+00
2.173503494312448e-05	1.993322328586985e-05	0.000000000000000e+00
2.465749958202887e-05	6.832209034045080e-06	0.000000000000000e+00
7.534895767279175e-05	1.694931721875459e-05	0.000000000000000e+00
7.841357194840954e-05	1.024518487487676e-05	0.000000000000000e+00
6.863619584562966e-05	4.508486975521345e-06	0.000000000000000e+00
3.425201345594619e-05	9.355927938638338e-05	0.000000000000000e+00
3.212266006424774e-05	1.620790734290580e-05	0.000000000000000e+00
2.344864173075147e-05	1.685246324774159e-05	0.000000000000000e+00
3.164522807151394e-05	9.457254415031464e-05	0.000000000000000e+00
7.315491847858606e-05	3.443831703763754e-06	0.000000000000000e+00
7.136472837755740e-05	5.881696423652278e-06	0.000000000000000e+00
2.936327742903064e-05	1.342743944026999e-05	0.000000000000000e+00
6.891063845816281e-05	1.399490312667624e-05	0.000000000000000e+00
4.291747342812267e-05	1.306147168977690e-05	0.000000000000000e+00
5.887575797338763e-05	6.793828074874452e-06	0.000000000000000e+00
6.634776831890812e-05	6.879741338533750e-05	0.000000000000000e+00
4.430637760734701e-05	2.049792333150168e-06	0.000000000000000e+00
5.368695433991622e-05	7.244722885848103e-08	0.000000000000000e+00
2.728732502286916e-05	2.916407930236863e-05	0.000000000000000e+00
5.538613320384600e-05	6.505423846962593e-06	0.000000000000000e+00
8.460476008903886e-05	6.041809850082579e-05	0.000000000000000e+00
2.685683034353487e-05	3.192887619056779e-06	0.000000000000000e+00
2.137213897242853e-05	1.695446562626244e-06	0.000000000000000e+00
8.112787711991280e-05	1.786080658810993e-05	0.000000000000000e+00
6.951917374265141e-05	2.547211509396164e-06	0.000000000000000e+00
1.676899545525883e-05	9.081507654112102e-06	0.000000000000000e+00
4.059312995798136e-05	7.139306886742894e-06	0.000000000000000e+00
2.975980329241316e-05	9.855602008907146e-05	0.000000000000000e+00
7.751551248345391e-05	4.869732256967161e-05	0.000000000000000e+00
3.045186881349097e-05	8.882224449066079e-05	0.000000000000000e+00
1.957132457534309e-05	6.783978436309630e-06	0.000000000000000e+00
4.660940838322849e-05	3.142039094904371e-06	0.000000000000000e+00
2.848601620329884e-05	4.455027879309362e-06	0.000000000000000e+00
7.443915670523204e-06	1.758990673228394e-05	0.000000000000000e+00
2.962755917041442e-05	1.444042499041548e-06	0.000000000000000e+00
1.800910434336528e-05	6.240663028163191e-06	0.000000000000000e+00
5.439892843164318e-05	1.233560932228726e-06	0.000000000000000e+00
1.328150071218965e-05	1.869663767914615e-05	0.000000000000000e+00
7.898285108257687e-05	1.340306508546351e-05	0.000000000000000e+00
1.668048611100393e-05	5.531254367403927e-06	0.000000000000000e+00
7.714280330500433e-05	1.446482423907753e-05	0.000000000000000e+00
1.379875870099750e-05	8.628476280789860e-06	0.000000000000000e+00
5.768212497449520e-05	6.052965429214936e-06	0.000000000000000e+00
1.822843235415502e-05	7.967409572958604e-06	0.000000000000000e+00
1.692879605763297e-05	1.910211492704670e-05	0.000000000000000e+00
2.123368421605497e-05	1.625141697949763e-05	0.000000000000000e+00
3.781957690468202e-05	1.273746108809570e-05	0.000000000000000e+00
7.523133148696029e-05	9.275104872512745e-06	0.000000000000000e+00
3.845172000864295e-05	1.569373507336555e-05	0.000000000000000e+00
8.290733225955598e-05	1.873707027878560e-05	0.000000000000000e+00
8.135300184661168e-05	1.588135074971975e-05	0.000000000000000e+00
5.784490516904129e-05	7.198715671444898e-06	0.000000000000000e+00
7.028804767981308e-05	1.598498086070752e-05	0.000000000000000e+00
3.946015710236525e-05	1.223833054388640e-05	0.000000000000000e+00
6.511645381656953e-06	1.914021688648319e-05	0.000000000000000e+00
2.629272109862253e-05	5.424208622551853e-06	0.000000000000000e+00
5.772082666343632e-05	9.894568034217106e-06	0.000000000000000e+00
2.840190302891452e-05	1.539903731504072e-05	0.000000000000000e+00
7.472504279090579e-05	6.334380285644882e-05	0.000000000000000e+00
3.043597801165611e-05	1.969429609857593e-05	0.000000000000000e+00
3.737608059860540e-05	9.697848638197992e-06	0.000000000000000e+00
6.835841935070806e-05	9.780976525853728e-05	0.000000000000000e+00
4.342409152800536e-05	6.485951403041158e-06	0.000000000000000e+00
6.720020759958133e-05	7.646493844923349e-05	0.000000000000000e+00
2.040427641466908e-05	1.029187878225013e-05	0.000000000000000e+00
7.987813511623967e-05	1.644358403148976e-05	0.000000000000000e+00
2.917175469912115e-05	7.129159372116393e-05	0.000000000000000e+00
7.571906155289489e-05	1.545139636392867e-05	0.000000000000000e+00
5.705636868351339e-05	1.561793128894172e-05	0.000000000000000e+00
7.458891337260258e-05	4.545913898321769e-06	0.000000000000000e+00
2.430606924420186e-05	1.153971940600124e-05	0.000000000000000e+00
5.124879204882856e-06	2.010079286376644e-06	0.000000000000000e+00
6.588248453267295e-05	2.097196293314871e-05	0.000000000000000e+00
3.125398381408882e-05	1.453455974855445e-05	0.000000000000000e+00
7.602026869598109e-05	9.623223076020796e-05	0.000000000000000e+00
2.443606610047087e-05	8.567676665620284e-06	0.000000000000000e+00
7.703266196214302e-05	1.623381691695811e-05	0.000000000000000e+00
4.211882602616407e-05	7.228127976242527e-06	0.000000000000000e+00
1.358326222497736e-05	1.065170901271847e-05	0.000000000000000e+00
3.483113661805464e-06	1.623789994658049e-05	0.000000000000000e+00
2.107008729995394e-05	3.901552545380721e-05	0.000000000000000e+00
4.380821319806221e-05	8.912820350561184e-06	0.000000000000000e+00
6.390251918713493e-05	7.827674158979431e-05	0.000000000000000e+00
2.828976219388321e-05	2.262052951034812e-06	0.000000000000000e+00
1.933034285294150e-05	1.718758273378166e-05	0.000000000000000e+00
4.189012222445160e-05	4.920900121123254e-06	0.000000000000000e+00
7.043799605017069e-05	4.400889208573855e-06	0.000000000000000e+00
1.539894679318588e-05	9.825110835405356e-06	0.000000000000000e+00
1.181822563452644e-05	1.318857363460445e-05	0.000000000000000e+00
3.317018735948264e-05	1.769237540145780e-05	0.000000000000000e+00
7.861892119317419e-05	1.537678671985926e-05	0.000000000000000e+00
1.367049628338154e-05	3.678864653652846e-06	0.000000000000000e+00
7.640684952238657e-05	4.311397125432505e-05	0.000000000000000e+00
1.502862949586164e-05	1.941689051496195e-06	0.000000000000000e+00
7.635770914954739e-05	9.839260043662811e-05	0.000000000000000e+00
8.287992287961434e-05	1.562147044598776e-06	0.000000000000000e+00
8.762573977530066e-05	1.620282079599560e-06	0.000000000000000e+00
2.036566629755080e-05	1.843308962345559e-05	0.000000000000000e+00
2.256366645725906e-05	1.063241685093047e-05	0.000000000000000e+00
6.509683122634928e-06	8.477609424524568e-06	0.000000000000000e+00
2.329984469061380e-05	1.389820399735820e-05	0.000000000000000e+00
6.851247682575206e-05	2.027070755242961e-05	0.000000000000000e+00
4.002823347225806e-05	1.394002847254291e-06	0.000000000000000e+00
6.449293400793780e-05	8.606882440858964e-05	0.000000000000000e+00
6.646001504346675e-05	1.644861439458106e-06	0.000000000000000e+00
9.822584097155094e-05	9.193144606440873e-06	0.000000000000000e+00
1.611739380830177e-05	2.165364841676201e-05	0.000000000000000e+00
7.111300896127851e-05	1.368278474979849e-05	0.000000000000000e+00
4.316275883960047e-05	2.887643232992146e-06	0.000000000000000e+00
7.420105744902476e-05	6.096702304058563e-06	0.000000000000000e+00
5.704092509924687e-05	9.154676589777484e-05	0.000000000000000e+00
9.003312924777348e-05	1.381369883938071e-05	0.000000000000000e+00
6.073652919028585e-05	1.875338201373329e-05	0.000000000000000e+00
3.435619800407688e-05	1.601955745921920e-05	0.000000000000000e+00
2.436935714617773e-05	1.005373332047618e-05	0.000000000000000e+00
2.564247876135279e-05	9.411419074997430e-06	0.000000000000000e+00
2.451153040471700e-05	9.391326327575725e-05	0.000000000000000e+00
8.282122863803637e-05	3.469320693563763e-06	0.000000000000000e+00
9.618039374990257e-05	1.170516188602263e-05	0.000000000000000e+00
7.901509536507588e-05	6.001040100131235e-05	0.000000000000000e+00
6.667071017855068e-05	2.783572200039773e-05	0.000000000000000e+00
9.046370905220909e-06	5.913434689379755e-06	0.000000000000000e+00
8.703978616942233e-05	1.291821993125517e-05	0.000000000000000e+00
7.887863112042030e-05	5.510678382563033e-05	0.000000000000000e+00
5.630492546750126e-05	4.330721939624748e-06	0.000000000000000e+00
1.234271403771846e-05	1.676985109079499e-05	0.000000000000000e+00
9.036319883688939e-05	5.968103614907361e-06	0.000000000000000e+00
6.760142575861726e-05	1.585236543968861e-05	0.000000000000000e+00
6.759905210078533e-05	2.841759657063451e-06	0.000000000000000e+00
1.447988759876273e-05	1.645129430288384e-05	0.000000000000000e+00
1.035976474931388e-05	4.444354627744305e-06	0.000000000000000e+00
2.503544409677839e-05	9.652366989422870e-05	0.000000000000000e+00
9.587569133967334e-06	1.676771688847670e-05	0.000000000000000e+00
8.609667642408311e-05	1.773144839875323e-05	0.000000000000000e+00
1.944277174200374e-05	1.728996728810450e-06	0.000000000000000e+00
6.826187582926673e-05	9.095349328821391e-05	0.000000000000000e+00
6.388374340137866e-05	9.645274543848988e-05	0.000000000000000e+00
7.061574397594477e-06	1.379247639758040e-05	0.000000000000000e+00
6.271489642897979e-05	2.198964105092896e-05	0.000000000000000e+00
3.279406471198754e-05	1.145774709283846e-05	0.000000000000000e+00
3.324645209408642e-05	9.117874354017770e-05	0.000000000000000e+00
1.035490890852028e-05	1.393956830038589e-06	0.000000000000000e+00
2.373116729811261e-05	5.164409635039903e-05	0.000000000000000e+00
7.008498317447899e-05	9.581714427709924e-05	0.000000000000000e+00
2.360914127057858e-05	6.780139987870126e-05	0.000000000000000e+00
8.160275143604355e-05	4.478659095408945e-05	0.000000000000000e+00
7.079764234121427e-05	1.003003741490206e-05	0.000000000000000e+00
8.847590219031324e-05	9.718024274564783e-06	0.000000000000000e+00
2.395817480141063e-05	7.443910136588836e-05	0.000000000000000e+00
2.971287899462258e-05	7.749221375397262e-05	0.000000000000000e+00
7.604300777003447e-05	6.773682181279332e-05	0.000000000000000e+00
8.523674961005431e-05	9.675070350453971e-06	0.000000000000000e+00
7.044865550549731e-06	6.606620139457382e-06	0.000000000000000e+00
9.195600794599610e-05	5.303697046770509e-06	0.000000000000000e+00
1.984266538891766e-05	9.764405243556616e-05	0.000000000000000e+00
5.798943124376080e-05	1.152270778153649e-05	0.000000000000000e+00
6.289789317750845e-05	3.317531286790051e-06	0.000000000000000e+00
3.114127029557475e-05	8.445320708150854e-05	0.000000000000000e+00
1.572340463315504e-05	1.201969270021555e-05	0.000000000000000e+00
5.594558827437356e-05	3.431703684695695e-06	0.000000000000000e+00
2.137076504670965e-05	1.395042053339330e-05	0.000000000000000e+00
3.559775732745419e-05	9.219479365484128e-06	0.000000000000000e+00
7.095989382264896e-05	7.251971126234265e-06	0.000000000000000e+00
7.721578758032811e-05	1.216180866657205e-05	0.000000000000000e+00
3.420914603657187e-05	1.188397661664205e-05	0.000000000000000e+00
9.811797002841425e-05	1.883641743205026e-05	0.000000000000000e+00
4.834682196779241e-06	8.602817650275039e-06	0.000000000000000e+00
2.461123727918912e-05	1.508367607089364e-05	0.000000000000000e+00
1.900734413011722e-05	1.501579019364843e-05	0.000000000000000e+00
5.630378566775838e-05	1.151709007100689e-06	0.000000000000000e+00
5.283313121090189e-05	7.943541863067057e-07	0.000000000000000e+00
4.880123460504864e-05	3.804984364290610e-07	0.000000000000000e+00
4.732767371279883e-05	3.333619721251917e-07	0.000000000000000e+00
5.245344695824095e-05	1.043556897468661e-06	0.000000000000000e+00
5.232529842012417e-05	1.520790827618739e-07	0.000000000000000e+00
5.018878958873334e-05	8.008902069886494e-07	0.000000000000000e+00
4.931622237113129e-05	2.642912317566621e-07	0.000000000000000e+00
4.965520115261559e-05	1.156329993093537e-06	0.000000000000000e+00
5.544692722302176e-05	1.773896304490571e-06	0.000000000000000e+00
4.974344076381144e-05	2.835709007703995e-07	0.000000000000000e+00
4.813718251642806e-05	9.388987337660388e-08	0.000000000000000e+00
4.678781406950802e-05	3.401358777497474e-07	0.000000000000000e+00
4.778644353636757e-05	1.878756171252614e-07	0.000000000000000e+00
5.234968909070347e-05	4.951592811037033e-07	0.000000000000000e+00
5.417393362830245e-05	2.907058014803468e-07	0.000000000000000e+00
5.027533954411908e-05	3.891294180492924e-07	0.000000000000000e+00
4.921251441970883e-05	1.023355594792562e-06	0.000000000000000e+00
4.868276857389224e-05	5.677471440482462e-07	0.000000000000000e+00
5.189739758771532e-05	2.364233628382996e-07	0.000000000000000e+00
4.698078948760170e-05	2.354848261027805e-07	0.000000000000000e+00
4.994115361789722e-05	1.890672854554877e-07	0.000000000000000e+00
5.070387109539110e-05	4.540639345578745e-07	0.000000000000000e+00
5.212424359603761e-05	2.263291198772418e-07	0.000000000000000e+00
5.114842665607545e-05	4.499575415832991e-07	0.000000000000000e+00
5.019247972943400e-05	5.162124786530385e-07	0.000000000000000e+00
4.812232510288019e-05	2.647398686483092e-07	0.000000000000000e+00
4.918522498565820e-05	1.563540793223657e-05	0.000000000000000e+00
5.016806998307290e-05	1.277633082763816e-06	0.000000000000000e+00
4.753296573408944e-05	5.716183434535201e-07	0.000000000000000e+00
5.457115602182598e-05	1.895779425339579e-07	0.000000000000000e+00
5.166763127039700e-05	2.190304555296097e-07	0.000000000000000e+00
4.828961420472115e-05	2.650438281213856e-07	0.000000000000000e+00
5.362662193906968e-05	1.022368302605006e-06	0.000000000000000e+00
4.946629401020400e-05	2.309260179299492e-06	0.000000000000000e+00
5.312902520246203e-05	3.707217808721716e-07	0.000000000000000e+00
5.228421592372948e-05	1.954929350784587e-05	0.000000000000000e+00
4.714769037121206e-05	1.095812230094931e-06	0.000000000000000e+00
4.894440665011079e-05	6.747617247373769e-07	0.000000000000000e+00
5.333747648979940e-05	9.862969928957408e-07	0.000000000000000e+00
5.044561343558972e-05	3.230074118888309e-07	0.000000000000000e+00
4.928792760587015e-05	1.521355554833535e-06	0.000000000000000e+00
4.758012505836563e-05	1.692175514688766e-05	0.000000000000000e+00
4.852147789403128e-05	1.554032016578333e-07	0.000000000000000e+00
5.479483217898223e-05	8.986471825213045e-07	0.000000000000000e+00
5.011593458980547e-05	2.745255702861179e-07	0.000000000000000e+00
4.544363841649922e-05	1.652460894616848e-07	0.000000000000000e+00
4.776210149319935e-05	5.008591014680646e-07	0.000000000000000e+00
4.599838330969914e-05	1.398149119597538e-07	0.000000000000000e+00
4.856730391175484e-05	7.504838202019736e-08	0.000000000000000e+00
4.776905611728892e-05	1.128989455757462e-05	0.000000000000000e+00
4.679269200729062e-05	1.332683737353758e-07	0.000000000000000e+00
5.202297084777688e-05	4.863036283369420e-06	0.000000000000000e+00
5.323541586154803e-05	3.620447336421242e-07	0.000000000000000e+00
5.064806895630541e-05	1.423796443654921e-05	0.000000000000000e+00
5.282329598102913e-05	2.524301186890997e-07	0.000000000000000e+00
5.114702351534116e-05	4.237940242328100e-06	0.000000000000000e+00
5.391996043033061e-05	2.421513773983873e-07	0.000000000000000e+00
5.024099076879226e-05	9.426981353339692e-06	0.000000000000000e+00
5.093829521066645e-05	3.004112541152556e-06	0.000000000000000e+00
5.077164274313010e-05	1.438448741183783e-06	0.000000000000000e+00
4.929599176836088e-05	1.822146543140183e-06	0.000000000000000e+00
5.117739895723785e-05	2.502045274092874e-07	0.000000000000000e+00
5.114479309450605e-05	8.453607176083631e-06	0.000000000000000e+00
4.958669733375917e-05	6.066255075201752e-06	0.000000000000000e+00
5.258490268587732e-05	1.569227574077289e-07	0.000000000000000e+00
4.960408135638145e-05	4.818928363437692e-06	0.000000000000000e+00
5.333573418468593e-05	2.054915362451150e-06	0.000000000000000e+00
4.899918878234074e-05	3.447837758223431e-06	0.000000000000000e+00
5.137176680679908e-05	5.128391030124322e-07	0.000000000000000e+00
5.147944045228382e-05	3.718376689194505e-07	0.000000000000000e+00
4.939306993702312e-05	3.057494096088781e-06	0.000000000000000e+00
4.653774175208179e-05	1.198420927487384e-05	0.000000000000000e+00
4.744480812267127e-05	1.208979925607941e-06	0.000000000000000e+00
4.853303351417685e-05	1.080399124986952e-06	0.000000000000000e+00
4.616148293885261e-05	2.325966197064631e-07	0.000000000000000e+00
5.425882270614303e-05	5.030569021865506e-07	0.000000000000000e+00
5.378579288663219e-05	4.160814090864949e-07	0.000000000000000e+00
5.072288101351267e-05	7.844598923955024e-07	0.000000000000000e+00
5.010454780376256e-05	5.441970306328016e-06	0.000000000000000e+00
5.224276859669969e-05	4.128598041918112e-06	0.000000000000000e+00
4.992408906170250e-05	2.290049830227418e-05	0.000000000000000e+00
4.663611504972604e-05	4.297447669137272e-07	0.000000000000000e+00
4.526214654178799e-05	1.734013379924147e-07	0.000000000000000e+00
5.152829623580998e-05	1.265409641338059e-05	0.000000000000000e+00
4.585113168259957e-05	2.533182243091651e-07	0.000000000000000e+00
4.935325156564354e-05	1.867988276682058e-05	0.000000000000000e+00
4.905731767757886e-05	1.025648196451647e-05	0.000000000000000e+00
4.764546649875087e-05	1.027683339475452e-06	0.000000000000000e+00
5.070335413892740e-05	2.079001385563243e-06	0.000000000000000e+00
4.761557702771437e-05	2.185122230049762e-05	0.000000000000000e+00
5.348063498990232e-05	8.379008611940341e-07	0.000000000000000e+00
5.353087766330204e-05	2.617728659876340e-05	0.000000000000000e+00
4.857693173995862e-05	3.276073983500167e-07	0.000000000000000e+00
5.056604118518013e-05	8.982196568567303e-07	0.000000000000000e+00
4.976881187838849e-05	8.214127649102825e-06	0.000000000000000e+00
5.107705832105058e-05	2.613825883875228e-06	0.000000000000000e+00
5.105459569070683e-05	1.594094476100855e-07	0.000000000000000e+00
5.573726048535878e-05	2.538767564718190e-05	0.000000000000000e+00
4.913168772855468e-05	7.055675832780012e-06	0.000000000000000e+00
4.751931739901899e-05	8.019533487467304e-08	0.000000000000000e+00
5.255824800306848e-05	1.129060209695459e-05	0.000000000000000e+00
5.437306155523675e-05	3.563800060034462e-07	0.000000000000000e+00
4.564544399030726e-05	1.682174085068339e-07	0.000000000000000e+00
4.888725660170615e-05	1.582065629410032e-07	0.000000000000000e+00
4.747517937274848e-05	2.702713557751444e-05	0.000000000000000e+00
4.626051823772946e-05	2.659534204118217e-07	0.000000000000000e+00
5.175011519448509e-05	4.721048425476531e-07	0.000000000000000e+00
5.402489553206581e-05	2.541832361731057e-07	0.000000000000000e+00
4.794149319313060e-05	3.142779791748749e-07	0.000000000000000e+00
4.660912527430909e-05	1.948430873438836e-06	0.000000000000000e+00
4.781084707726650e-05	9.967261641654006e-06	0.000000000000000e+00
5.080093789785294e-05	1.166068022845929e-06	0.000000000000000e+00
5.195397988148659e-05	7.532414725007815e-06	0.000000000000000e+00
5.435629579280736e-05	1.806075323593194e-05	0.000000000000000e+00
5.280017923882646e-05	7.615576831070323e-08	0.000000000000000e+00
5.349983727783257e-05	4.472977044702647e-07	0.000000000000000e+00
5.417884265201696e-05	1.872791741777331e-07	0.000000000000000e+00
4.561213627565691e-05	2.610726452126523e-07	0.000000000000000e+00
4.851973109629810e-05	7.858365522870038e-06	0.000000000000000e+00
5.060567839261500e-05	6.278512246506445e-06	0.000000000000000e+00
4.613396833657532e-05	4.279274500618317e-07	0.000000000000000e+00
4.645547623279758e-05	9.313103162102110e-06	0.000000000000000e+00
5.417860260749526e-05	2.010747385089717e-06	0.000000000000000e+00
5.065028621687779e-05	2.512249981207371e-07	0.000000000000000e+00
5.244059701952101e-05	1.437544946633933e-05	0.000000000000000e+00
5.250321053997346e-05	5.567813129067273e-06	0.000000000000000e+00
4.601009732838015e-05	1.791975660125694e-05	0.000000000000000e+00
5.139909983897473e-05	1.107058532916289e-05	0.000000000000000e+00
5.354351104284954e-05	2.778564890324548e-07	0.000000000000000e+00
5.738025468053962e-05	2.291601047075895e-06	0.000000000000000e+00
5.029857137508132e-05	1.843966347850090e-07	0.000000000000000e+00
4.543929297909566e-05	2.719582095082197e-05	0.000000000000000e+00
5.716317148131111e-05	2.973067019305835e-05	0.000000000000000e+00
5.252178610134678e-05	3.223992456661856e-05	0.000000000000000e+00
5.380486523739928e-05	1.082085579029126e-05	0.000000000000000e+00
5.030637436655938e-05	3.249109765888841e-05	0.000000000000000e+00
5.489720100087536e-05	3.118843891413551e-05	0.000000000000000e+00
4.813862163913419e-05	3.266321075321595e-05	0.000000000000000e+00
4.976727458067294e-05	6.377668809403989e-07	0.000000000000000e+00
4.590519550346642e-05	3.278965807270902e-05	0.000000000000000e+00
4.625542296969318e-05	7.484657674881032e-07	0.000000000000000e+00
4.536046082684986e-05	2.135293113273089e-05	0.000000000000000e+00
5.207925251472003e-05	2.302192166508595e-06	0.000000000000000e+00
4.787446089339625e-05	5.949190436059457e-06	0.000000000000000e+00
4.838239147412547e-05	4.441380661168517e-07	0.000000000000000e+00
5.155674888407797e-05	5.725888158643056e-06	0.000000000000000e+00
5.443914401519432e-05	8.972894649247996e-07	0.000000000000000e+00
4.902049584812654e-05	3.997776465480422e-06	0.000000000000000e+00
5.425373798192351e-05	2.061546815771534e-05	0.000000000000000e+00
5.372708040471357e-05	4.518843228417320e-05	0.000000000000000e+00
5.083283219844266e-05	1.228280590322446e-07	0.000000000000000e+00
5.107724931187632e-05	4.623578744315016e-05	0.000000000000000e+00
5.149567675018958e-05	2.662495140622614e-05	0.000000000000000e+00
5.355859241204397e-05	9.369639480704710e-06	0.000000000000000e+00
4.551440315264049e-05	2.362244153546856e-07	0.000000000000000e+00
4.636962882652023e-05	2.466607475609330e-07	0.000000000000000e+00
4.341675735327285e-05	3.290619184280804e-05	0.000000000000000e+00
5.144746338897174e-05	6.720836304040953e-06	0.000000000000000e+00
4.762045227933035e-05	8.620599962612322e-06	0.000000000000000e+00
5.094672841617529e-05	2.894049879015528e-07	0.000000000000000e+00
5.247051496864432e-05	8.669112078968071e-06	0.000000000000000e+00
4.858466965618353e-05	3.891692647724232e-05	0.000000000000000e+00
5.130237116136229e-05	3.870526153034034e-05	0.000000000000000e+00
4.884692890213261e-05	4.693303844281992e-06	0.000000000000000e+00
5.402261341554083e-05	5.205368881692131e-05	0.000000000000000e+00
4.704868333471863e-05	2.017587483997944e-06	0.000000000000000e+00
4.537568699324552e-05	5.267021297619202e-07	0.000000000000000e+00
5.328326676330431e-05	2.245448395459812e-07	0.000000000000000e+00
4.599223461339913e-05	1.607674508552917e-05	0.000000000000000e+00
5.592553370272042e-05	3.815191204879592e-05	0.000000000000000e+00
4.951388017151507e-05	2.697178578858582e-05	0.000000000000000e+00
5.344540621984092e-05	5.391543165779963e-06	0.000000000000000e+00
5.384556830317016e-05	5.287861442059285e-07	0.000000000000000e+00
4.858369332943074e-05	6.467934862958217e-07	0.000000000000000e+00
5.237352546760366e-05	3.506458078135621e-06	0.000000000000000e+00
4.587959876170294e-05	3.816055830806925e-07	0.000000000000000e+00
5.793296631919400e-05	2.434130239885284e-05	0.000000000000000e+00
5.880758248914841e-05	1.977004239316996e-06	0.000000000000000e+00
5.820522422774403e-05	3.251539488802235e-06	0.000000000000000e+00
4.599228147320185e-05	3.889970675600849e-05	0.000000000000000e+00
5.128167053967530e-05	1.765867214516556e-06	0.000000000000000e+00
4.751828987219081e-05	7.520713816705772e-06	0.000000000000000e+00
4.810376643814693e-05	4.260681398392039e-07	0.000000000000000e+00
5.109134922560541e-05	2.185825440161776e-06	0.000000000000000e+00
5.380919360286829e-05	2.191439915909030e-07	0.000000000000000e+00
5.377238364843242e-05	2.089632698790672e-06	0.000000000000000e+00
5.348779499956287e-05	3.774162748962918e-05	0.000000000000000e+00
4.326653531124892e-05	2.747589007687332e-05	0.000000000000000e+00
4.596183195792921e-05	4.741638093999872e-07	0.000000000000000e+00
5.952437101612200e-05	3.768641904968357e-05	0.000000000000000e+00
4.609418470453555e-05	5.529353622270000e-07	0.000000000000000e+00
5.394322713635158e-05	1.598379354158962e-05	0.000000000000000e+00
4.869052135612331e-05	1.591748225483920e-06	0.000000000000000e+00
4.810500771168387e-05	4.674912571027206e-06	0.000000000000000e+00
4.639101261859390e-05	1.564335243035732e-06	0.000000000000000e+00
4.855090022049695e-05	4.556272585593037e-05	0.000000000000000e+00
4.099434151932892e-05	2.759562615978238e-05	0.000000000000000e+00
4.716136547925481e-05	5.835681428138173e-06	0.000000000000000e+00
4.864075297742834e-05	1.351347240953389e-06	0.000000000000000e+00
4.062319666300953e-05	3.245357237998694e-05	0.000000000000000e+00
4.576828706992960e-05	3.615801064941697e-07	0.000000000000000e+00
4.866670417376847e-05	8.373627265821450e-08	0.000000000000000e+00
4.833479825332187e-05	5.347824418373787e-06	0.000000000000000e+00
4.548705033191819e-05	3.625558800227863e-06	0.000000000000000e+00
4.214306129192671e-05	3.881735468606285e-05	0.000000000000000e+00
4.900796817392972e-05	1.656063447676692e-06	0.000000000000000e+00
4.715562890323159e-05	1.448009335267412e-06	0.000000000000000e+00
4.873611467057875e-05	6.139977496048063e-06	0.000000000000000e+00
4.615024707318977e-05	1.906337533473284e-06	0.000000000000000e+00
5.054376189719613e-05	5.297905419901563e-05	0.000000000000000e+00
4.497127766723388e-05	4.512865884556128e-05	0.000000000000000e+00
5.398050476477329e-05	1.632680306727797e-07	0.000000000000000e+00
5.240045046232232e-05	2.189755854451822e-06	0.000000000000000e+00
4.689627549091438e-05	5.200264755410530e-05	0.000000000000000e+00
5.286131787844640e-05	2.017287887411851e-06	0.000000000000000e+00
5.632800422891150e-05	2.060958418163323e-05	0.000000000000000e+00
4.369901035667658e-05	2.297759291279562e-05	0.000000000000000e+00
4.632474053977904e-05	1.675088636914474e-07	0.000000000000000e+00
4.906666765956164e-05	2.377877992397392e-06	0.000000000000000e+00
4.643217746702930e-05	7.032657908076864e-07	0.000000000000000e+00
6.229165563359287e-05	1.798467366038463e-06	0.000000000000000e+00
5.401654741886467e-05	6.357119270392490e-07	0.000000000000000e+00
4.581875902248837e-05	6.549548140928196e-06	0.000000000000000e+00
5.104772510871881e-05	1.543537053579809e-06	0.000000000000000e+00
4.828006331073931e-05	2.459354718297670e-05	0.000000000000000e+00
4.735272760454290e-05	6.615910741149929e-06	0.000000000000000e+00
4.683651315577050e-05	5.182608820614426e-06	0.000000000000000e+00
4.660699419094223e-05	1.966737904277712e-05	0.000000000000000e+00
4.559453864191920e-05	5.670977386331553e-06	0.000000000000000e+00
3.856186040420762e-05	7.718496026514644e-05	0.000000000000000e+00
3.758358149435086e-05	6.916671349459177e-05	0.000000000000000e+00
5.312079877356564e-05	6.323811785794550e-06	0.000000000000000e+00
4.126138029755930e-05	7.617028569851518e-05	0.000000000000000e+00
4.091570889111450e-05	7.005147935319746e-05	0.000000000000000e+00
4.592766760783008e-05	2.271256332046948e-06	0.000000000000000e+00
4.654264869188839e-05	5.435285958626909e-07	0.000000000000000e+00
4.582179236196156e-05	9.954834633162926e-07	0.000000000000000e+00
5.356787817943651e-05	4.430968814600355e-06	0.000000000000000e+00
3.686530873664185e-05	6.292316067032993e-06	0.000000000000000e+00
5.624888464071307e-05	2.488489274801593e-06	0.000000000000000e+00
4.761551881908859e-05	7.764078782649519e-07	0.000000000000000e+00
4.518347290317830e-05	1.967409037845496e-06	0.000000000000000e+00
5.378216357217134e-05	1.225981114952162e-07	0.000000000000000e+00
4.611367219760149e-05	1.296430001934989e-06	0.000000000000000e+00
4.663470639601303e-05	1.040727857949853e-07	0.000000000000000e+00
4.646055674343421e-05	4.535800519524106e-06	0.000000000000000e+00
4.696246012802757e-05	9.401354000608151e-05	0.000000000000000e+00
4.855542977698930e-05	8.121242404253054e-07	0.000000000000000e+00
5.431357401302655e-05	1.614227180560181e-06	0.000000000000000e+00
5.070308653847459e-05	1.000414693492040e-06	0.000000000000000e+00
5.423858789472235e-05	8.800523602353896e-08	0.000000000000000e+00
4.318194846330055e-05	5.150457739423402e-05	0.000000000000000e+00
5.048448422220868e-05	2.436099925574621e-07	0.000000000000000e+00
4.525018766531267e-05	1.568399575774237e-06	0.000000000000000e+00
4.598208649107632e-05	7.757281543473333e-07	0.000000000000000e+00
4.077769844687218e-05	4.475827802246819e-05	0.000000000000000e+00
5.940773766808895e-05	3.508136084989695e-05	0.000000000000000e+00
5.088571461027900e-05	7.042597377356009e-07	0.000000000000000e+00
4.613874267698835e-05	2.826806240994017e-06	0.000000000000000e+00
4.654893736307774e-05	7.200725178820563e-06	0.000000000000000e+00
5.568514576072209e-05	2.277325066028106e-05	0.000000000000000e+00
5.039142821866798e-05	1.145115461157787e-07	0.000000000000000e+00
4.845087858873320e-05	3.659990226352810e-06	0.000000000000000e+00
4.825913722698058e-05	5.003487225224147e-07	0.000000000000000e+00
4.564858292736912e-05	2.682115063837424e-06	0.000000000000000e+00
5.366978435892097e-05	8.329286972133251e-06	0.000000000000000e+00
5.199036025082466e-05	2.414278011043174e-05	0.000000000000000e+00
5.022069745404586e-05	1.045544277691245e-07	0.000000000000000e+00
4.587665875612060e-05	4.087440357735769e-06	0.000000000000000e+00
4.527666475376808e-05	1.458432087239337e-05	0.000000000000000e+00
5.483575373793329e-05	1.413656552695962e-06	0.000000000000000e+00
5.310303495941615e-05	1.992743721739702e-07	0.000000000000000e+00
5.364987636513905e-05	4.943813199938696e-07	0.000000000000000e+00
4.204980210904675e-05	3.034929381829690e-05	0.000000000000000e+00
5.128642128201155e-05	1.387841887304987e-06	0.000000000000000e+00
4.519500868240000e-05	2.500080573613787e-06	0.000000000000000e+00
4.664402343027184e-05	3.579042146974846e-06	0.000000000000000e+00
4.598755894038565e-05	5.803318682800449e-05	0.000000000000000e+00
5.629426062644415e-05	5.033630535394379e-05	0.000000000000000e+00
4.169665256364519e-05	6.346001508652084e-05	0.000000000000000e+00
5.420625632616197e-05	7.804649686939788e-07	0.000000000000000e+00
4.780213623863233e-05	3.557581507130446e-06	0.000000000000000e+00
4.834658455074857e-05	8.069349900709315e-08	0.000000000000000e+00
4.584364735119951e-05	8.601363067915064e-06	0.000000000000000e+00
4.837628488838647e-05	5.449810709816682e-07	0.000000000000000e+00
5.176263976977052e-05	2.229445415271933e-06	0.000000000000000e+00
4.871431375702871e-05	2.168265524396280e-06	0.000000000000000e+00
4.415674901299597e-05	2.523351053470434e-05	0.000000000000000e+00
5.369541295283826e-05	7.238666974558313e-06	0.000000000000000e+00
5.532330647953801e-05	2.828121257684397e-05	0.000000000000000e+00
5.367348467981944e-05	1.595758595727014e-07	0.000000000000000e+00
4.481199315651124e-05	2.192988312517243e-06	0.000000000000000e+00
4.675349933669948e-05	2.989082973684929e-05	0.000000000000000e+00
5.335520449033107e-05	9.019683795402376e-08	0.000000000000000e+00
4.355690802023406e-05	8.144726839569739e-05	0.000000000000000e+00
4.536281852419275e-05	3.152684410129157e-07	0.000000000000000e+00
6.218387374837209e-05	4.806923958347263e-06	0.000000000000000e+00
5.486686324064054e-05	1.227251839591198e-05	0.000000000000000e+00
4.737435429314754e-05	4.493668129081050e-06	0.000000000000000e+00
4.515753935063594e-05	7.569772135683404e-05	0.000000000000000e+00
4.794929444662360e-05	8.799451920615255e-08	0.000000000000000e+00
9.612235323737103e-05	1.414100656801178e-05	0.000000000000000e+00
5.435199004422817e-05	1.395488880392826e-05	0.000000000000000e+00
5.444910099412831e-05	8.585472592666503e-08	0.000000000000000e+00
3.845516818424618e-05	5.184088911407586e-05	0.000000000000000e+00
4.567554307057881e-05	4.880904482367583e-06	0.000000000000000e+00
3.840953589327170e-05	3.760503852443682e-05	0.000000000000000e+00
6.132322738076291e-05	3.324957362972778e-06	0.000000000000000e+00
5.467552261052710e-05	3.474566585421012e-05	0.000000000000000e+00
3.798233710408068e-05	5.228628714339794e-06	0.000000000000000e+00
7.956226146262300e-06	2.166975037593959e-05	0.000000000000000e+00
4.649951134152322e-05	8.936006770720064e-08	0.000000000000000e+00
5.246877034926780e-05	2.911405002502412e-06	0.000000000000000e+00
4.816267861550047e-05	4.738693488121081e-07	0.000000000000000e+00
4.676467889684974e-05	2.273635910587557e-06	0.000000000000000e+00
4.562463064478293e-05	7.736855038538982e-06	0.000000000000000e+00
4.548582261868961e-05	1.023229050392768e-05	0.000000000000000e+00
8.559061134415615e-06	2.705766095819150e-05	0.000000000000000e+00
5.033906721925448e-05	6.480243009768842e-05	0.000000000000000e+00
4.670683906591962e-05	7.215347528154426e-05	0.000000000000000e+00
4.636953293522629e-05	8.204901401579452e-08	0.000000000000000e+00
5.097206861755777e-05	2.952063606019544e-05	0.000000000000000e+00
5.622545554849395e-05	5.717669406676646e-05	0.000000000000000e+00
5.158074925569810e-05	1.290102631736380e-06	0.000000000000000e+00
4.612599542762422e-05	3.480864654078939e-06	0.000000000000000e+00
4.267629762047731e-05	7.306561384070146e-05	0.000000000000000e+00
4.564182905390557e-05	1.826526242287106e-06	0.000000000000000e+00
4.431154508652612e-05	1.576876383071536e-05	0.000000000000000e+00
5.197919127213138e-05	7.861941076303004e-05	0.000000000000000e+00
4.897380305767810e-05	8.581338196293865e-05	0.000000000000000e+00
4.160311188909936e-05	2.244858743695328e-05	0.000000000000000e+00
4.873030848546776e-05	1.869115543035262e-06	0.000000000000000e+00
5.696221390780892e-05	4.488196156357911e-05	0.000000000000000e+00
5.405461022219879e-05	5.967617528601972e-05	0.000000000000000e+00
4.946753116669558e-05	6.791051562424079e-07	0.000000000000000e+00
5.550489964483935e-05	4.073220984840363e-06	0.000000000000000e+00
4.480099248056625e-05	1.925703074830823e-05	0.000000000000000e+00
3.937608875243721e-05	8.293476958890553e-05	0.000000000000000e+00
4.940539814506265e-05	4.875147330807839e-05	0.000000000000000e+00
4.434883610863083e-05	3.583408587165914e-05	0.000000000000000e+00
4.849239434218625e-05	2.023492332124864e-06	0.000000000000000e+00
4.436709493617476e-05	1.329319797660019e-06	0.000000000000000e+00
4.845995398479438e-05	1.511917232390167e-06	0.000000000000000e+00
5.370789957354133e-05	7.323660439360974e-07	0.000000000000000e+00
2.901277102038644e-05	8.482003480554157e-06	0.000000000000000e+00
5.464547811337157e-05	9.834141226070737e-06	0.000000000000000e+00
6.311312770979420e-05	8.931130608088760e-05	0.000000000000000e+00
4.235333306034920e-05	2.510509213025978e-05	0.000000000000000e+00
6.392227585369051e-05	1.035016429890978e-05	0.000000000000000e+00
6.733978984229044e-05	9.569789564820855e-05	0.000000000000000e+00
4.595149521410293e-05	1.544686055610974e-06	0.000000000000000e+00
3.867570111713218e-05	6.808098527373624e-06	0.000000000000000e+00
4.798409332008435e-05	6.631869887800633e-07	0.000000000000000e+00
9.810978812084492e-05	1.318668298385400e-05	0.000000000000000e+00
3.842510408549273e-05	2.797489734459773e-05	0.000000000000000e+00
5.970340608090454e-05	2.912491591353641e-05	0.000000000000000e+00
5.274707052708176e-05	7.053030724504801e-06	0.000000000000000e+00
5.693564742318076e-05	3.392055517790463e-06	0.000000000000000e+00
2.100472396105324e-05	5.382568382192267e-06	0.000000000000000e+00
4.563118704838227e-05	7.853635116095365e-07	0.000000000000000e+00
3.597821457880901e-05	4.400586938798688e-05	0.000000000000000e+00
4.638632205190117e-05	5.778909435296256e-06	0.000000000000000e+00
1.509083388298296e-05	1.421258097120199e-05	0.000000000000000e+00
4.326190260601722e-05	2.079645623234106e-05	0.000000000000000e+00
3.715284252178314e-05	6.265427422494801e-05	0.000000000000000e+00
4.937807708805807e-05	9.382349185436015e-05	0.000000000000000e+00
4.776521442516527e-05	8.079521210569821e-05	0.000000000000000e+00
4.547037903333001e-05	1.149028788754445e-06	0.000000000000000e+00
5.362722157174716e-05	3.605452235406873e-06	0.000000000000000e+00
4.526142985242285e-05	3.041518332869644e-06	0.000000000000000e+00
4.034978290575532e-06	2.443047131181112e-05	0.000000000000000e+00
4.953746204563867e-05	3.566457407901013e-05	0.000000000000000e+00
4.569479298347192e-05	1.137178485047670e-05	0.000000000000000e+00
4.655436422097305e-05	1.767532982899264e-07	0.000000000000000e+00
4.294053736423914e-05	5.219743398224116e-06	0.000000000000000e+00
5.356634754409059e-05	2.952735076179261e-06	0.000000000000000e+00
5.121255869254809e-05	1.127094562920702e-06	0.000000000000000e+00
6.960529887167350e-05	3.801474925101582e-05	0.000000000000000e+00
6.381355743697075e-05	1.223343691990210e-05	0.000000000000000e+00
7.776621890922942e-05	2.179801742068190e-06	0.000000000000000e+00
7.996379560819069e-05	9.475159353315819e-06	0.000000000000000e+00
2.263658700349242e-05	3.856644012637389e-06	0.000000000000000e+00
3.979884535048140e-05	5.118931698145283e-06	0.000000000000000e+00
5.491685480045907e-05	4.242928546423799e-06	0.000000000000000e+00
2.564709105245564e-05	1.811056046807913e-05	0.000000000000000e+00
5.563416330519361e-05	8.473280901899824e-05	0.000000000000000e+00
5.296550168853834e-05	3.252330304507681e-06	0.000000000000000e+00
3.830872330039925e-05	5.635907118158622e-05	0.000000000000000e+00
6.282803804755559e-05	9.175261049264048e-06	0.000000000000000e+00
6.873088724960036e-05	3.051670430067771e-05	0.000000000000000e+00
2.999505110710522e-05	1.136395773253258e-05	0.000000000000000e+00
5.573051285848677e-05	1.684875829401295e-05	0.000000000000000e+00
4.846694743850766e-05	8.183368978289499e-08	0.000000000000000e+00
4.113311936142343e-05	8.759595191103699e-05	0.000000000000000e+00
5.232203099905641e-05	2.503238370664145e-06	0.000000000000000e+00
6.038643784577935e-05	7.532723839037941e-06	0.000000000000000e+00
4.264713425503996e-05	4.273811498289637e-06	0.000000000000000e+00
8.456084270067887e-05	1.121962348481938e-05	0.000000000000000e+00
7.102498843859075e-05	1.246607259448634e-06	0.000000000000000e+00
5.752900724821298e-05	4.558277671742612e-06	0.000000000000000e+00
1.314950746989244e-05	9.388492956356406e-05	0.000000000000000e+00
4.341875109356284e-05	4.519148120929343e-06	0.000000000000000e+00
2.470188954930557e-05	7.922766468539344e-05	0.000000000000000e+00
5.977970649578025e-05	2.303570626845409e-05	0.000000000000000e+00
3.738231769855228e-05	3.376337117449957e-05	0.000000000000000e+00
5.706588658567514e-05	6.231629449112911e-05	0.000000000000000e+00
5.566904324361592e-05	4.745162829367631e-05	0.000000000000000e+00
4.829916326468756e-05	1.104370825807843e-06	0.000000000000000e+00
3.996707603525991e-05	2.504177339543619e-05	0.000000000000000e+00
2.526931775715224e-05	9.854254634729112e-05	0.000000000000000e+00
4.582657033679507e-05	5.333316466907993e-07	0.000000000000000e+00
4.714089951858135e-05	4.215950815226871e-05	0.000000000000000e+00
4.815146667998112e-05	7.736696619804384e-07	0.000000000000000e+00
2.037538857348385e-05	9.298453923236841e-05	0.000000000000000e+00
7.976293649097265e-05	6.523875875915615e-05	0.000000000000000e+00
5.203051872220767e-05	8.488445714475923e-05	0.000000000000000e+00
4.119248482654798e-05	9.547109756771943e-05	0.000000000000000e+00
8.054224582956486e-05	3.589976015259117e-06	0.000000000000000e+00
3.405820165422447e-05	4.975457241694893e-05	0.000000000000000e+00
4.757706967499605e-05	2.976334637373245e-06	0.000000000000000e+00
4.627091402876444e-05	8.188350542397669e-08	0.000000000000000e+00
3.248491217166325e-05	8.429052539228454e-06	0.000000000000000e+00
2.651070872030828e-05	6.154287849008900e-05	0.000000000000000e+00
4.446124411063094e-05	1.725287804402478e-05	0.000000000000000e+00
2.676474478913251e-05	1.368160397094223e-05	0.000000000000000e+00
1.639566083273000e-05	9.187841434066451e-05	0.000000000000000e+00
7.954686712897870e-05	1.137730328838265e-05	0.000000000000000e+00
6.329145780436411e-05	3.879420794181876e-05	0.000000000000000e+00
4.617098029008444e-05	8.988855178704903e-05	0.000000000000000e+00
5.134986124008658e-05	9.121575052065843e-07	0.000000000000000e+00
4.567402788122159e-05	4.334819768077958e-07	0.000000000000000e+00
9.347176602688228e-05	9.655595412772641e-05	0.000000000000000e+00
4.053420737432588e-05	7.917852262486951e-05	0.000000000000000e+00
3.987376172635627e-05	6.658000806215858e-05	0.000000000000000e+00
6.497503561223398e-05	3.143906301616774e-05	0.000000000000000e+00
5.663767190131018e-05	6.895485690148813e-06	0.000000000000000e+00
5.321454422461266e-05	6.724043992875852e-05	0.000000000000000e+00
4.445099625596746e-05	7.598124986842179e-06	0.000000000000000e+00
4.667524968476504e-05	2.650814340737560e-06	0.000000000000000e+00
6.020232562394598e-05	9.023000016624784e-05	0.000000000000000e+00
4.795005132124216e-05	2.727208906167395e-06	0.000000000000000e+00
4.642962191486567e-05	9.354720031256371e-07	0.000000000000000e+00
3.203426804842656e-05	9.775813799425373e-05	0.000000000000000e+00
3.057622453522951e-05	8.067929351070946e-05	0.000000000000000e+00
9.822190662239014e-05	1.110407108069866e-05	0.000000000000000e+00
6.613462289129542e-05	9.713889163932524e-05	0.000000000000000e+00
5.451286085511032e-05	7.903245482365364e-06	0.000000000000000e+00
4.796200642353973e-05	4.073046660280683e-06	0.000000000000000e+00
4.740475774154334e-05	1.797383642779763e-06	0.000000000000000e+00
4.795554337581095e-05	1.448290765440561e-06	0.000000000000000e+00
5.230894883803454e-05	2.653756599903544e-07	0.000000000000000e+00
4.958393194120800e-05	1.752266311192253e-07	0.000000000000000e+00
4.712817015392596e-05	2.731131458057236e-07	0.000000000000000e+00
5.478302864503341e-05	7.124126276830613e-08	0.000000000000000e+00
4.739340598785229e-05	1.944763671243236e-07	0.000000000000000e+00
5.147335440446523e-05	1.780852063851208e-07	0.000000000000000e+00
4.943693100743021e-05	3.157332694932363e-07	0.000000000000000e+00
5.267273269080804e-05	6.274357027864688e-07	0.000000000000000e+00
5.260050024144341e-05	5.111312266409564e-07	0.000000000000000e+00
5.442007701474478e-05	1.711620673852240e-07	0.000000000000000e+00
4.918138900333927e-05	1.294436291909708e-07	0.000000000000000e+00
5.115533617384079e-05	1.695361666083604e-07	0.000000000000000e+00
5.445093169030625e-05	2.681701704178637e-07	0.000000000000000e+00
4.688778813294840e-05	4.031395717280708e-07	0.000000000000000e+00
5.259543821222616e-05	3.263199761519913e-07	0.000000000000000e+00
4.964551609644870e-05	5.647571717367891e-07	0.000000000000000e+00
4.911148926510494e-05	2.968564937744845e-07	0.000000000000000e+00
4.980032847219121e-05	4.138329476194247e-07	0.000000000000000e+00
5.509168193361716e-05	1.954605560923678e-07	0.000000000000000e+00
4.897628094704870e-05	5.076903942346832e-07	0.000000000000000e+00
5.214782495260292e-05	7.050850107680823e-07	0.000000000000000e+00
5.142199483715149e-05	2.690158635963046e-07	0.000000000000000e+00
4.768936875045144e-05	1.311365403674673e-07	0.000000000000000e+00
4.971574994942065e-05	4.330958370800057e-07	0.000000000000000e+00
5.287274760007538e-05	4.119187760351854e-07	0.000000000000000e+00
4.725833579920411e-05	6.301173597905664e-07	0.000000000000000e+00
5.239749967817521e-05	1.772878032677223e-07	0.000000000000000e+00
5.492186495366268e-05	1.895577936164802e-07	0.000000000000000e+00
4.699127230239984e-05	4.141632516609430e-07	0.000000000000000e+00
4.716498813637981e-05	4.773540157687251e-07	0.000000000000000e+00
5.474116001419790e-05	3.058458007085178e-07	0.000000000000000e+00
4.983379079368404e-05	3.349429480106499e-07	0.000000000000000e+00
5.172882217056691e-05	2.812631735226125e-07	0.000000000000000e+00
5.155497507947449e-05	2.762175112936662e-07	0.000000000000000e+00
5.462499955452129e-05	4.243478929080765e-07	0.000000000000000e+00
4.913693723486147e-05	4.832615910334185e-07	0.000000000000000e+00
5.178301560450618e-05	2.070902892006514e-07	0.000000000000000e+00
5.245024852394811e-05	8.681072662924192e-08	0.000000000000000e+00
5.182947884687937e-05	3.080867028413115e-07	0.000000000000000e+00
5.273920040417779e-05	2.441719174672603e-07	0.000000000000000e+00
4.688256056491923e-05	2.854631699614173e-07	0.000000000000000e+00
4.771284466000314e-05	2.512553722238312e-07	0.000000000000000e+00
4.689578919634329e-05	1.663169754538181e-07	0.000000000000000e+00
4.989456635931535e-05	1.241537354100501e-06	0.000000000000000e+00
5.200656470395891e-05	2.360390268255787e-07	0.000000000000000e+00
5.123193623177564e-05	1.889164244019624e-07	0.000000000000000e+00
5.300797732359125e-05	4.621060898140171e-07	0.000000000000000e+00
4.761002730706182e-05	2.191547274154812e-07	0.000000000000000e+00
5.005179521265951e-05	6.875443451922999e-07	0.000000000000000e+00
5.095513046947178e-05	1.065834463919919e-07	0.000000000000000e+00
4.972991896384966e-05	1.432281425452346e-06	0.000000000000000e+00
5.194321093152439e-05	3.363101142094618e-07	0.000000000000000e+00
4.994481741536092e-05	3.192355843134118e-07	0.000000000000000e+00
5.032170799645069e-05	4.808785538119987e-07	0.000000000000000e+00
4.892117299090215e-05	3.960154145130620e-07	0.000000000000000e+00
5.269232832663858e-05	1.359989508439304e-07	0.000000000000000e+00
4.663595279466952e-05	3.229340946446441e-07	0.000000000000000e+00
4.531289261212908e-05	2.475117883105118e-07	0.000000000000000e+00
5.002077553199668e-05	2.407609517280289e-07	0.000000000000000e+00
4.967876195125269e-05	3.508951539292069e-07	0.000000000000000e+00
5.452439180351887e-05	1.062459427530222e-07	0.000000000000000e+00
5.133164856755472e-05	4.157032773847466e-07	0.000000000000000e+00
4.541798544405972e-05	3.717117635102311e-07	0.000000000000000e+00
4.887509434943997e-05	2.735138733764273e-07	0.000000000000000e+00
5.127172475807992e-05	4.945517028598898e-07	0.000000000000000e+00
4.871868456160693e-05	4.658749420008593e-07	0.000000000000000e+00
5.283244988915361e-05	5.562506391139729e-07	0.000000000000000e+00
5.019051957744021e-05	1.017190928921296e-06	0.000000000000000e+00
4.516595582758595e-05	1.719449629132221e-07	0.000000000000000e+00
5.046982620123023e-05	1.353117081051500e-06	0.000000000000000e+00
5.141089357619636e-05	4.383921797322958e-07	0.000000000000000e+00
5.285377231431149e-05	1.045218897606962e-06	0.000000000000000e+00
5.324374781741934e-05	8.351594975791868e-08	0.000000000000000e+00
4.604925416874094e-05	4.385984503356066e-07	0.000000000000000e+00
4.935566906891913e-05	9.236166338517081e-08	0.000000000000000e+00
5.131430943415289e-05	2.244658492330550e-07	0.000000000000000e+00
4.705169755051448e-05	9.027477187944118e-08	0.000000000000000e+00
5.000024355487674e-05	1.483457773173638e-06	0.000000000000000e+00
5.010205547745603e-05	1.725415953047002e-06	0.000000000000000e+00
5.033844975443526e-05	6.920267113762929e-07	0.000000000000000e+00
4.664846159470195e-05	8.075824012584335e-07	0.000000000000000e+00
4.910901862932733e-05	8.077865981688735e-07	0.000000000000000e+00
4.942773343093061e-05	1.078005315159761e-06	0.000000000000000e+00
5.306470275969341e-05	9.237746355404794e-07	0.000000000000000e+00
4.935220296151713e-05	8.632559163426463e-07	0.000000000000000e+00
5.304382600111993e-05	6.832349231509856e-07	0.000000000000000e+00
5.279371366920282e-05	3.263290978349854e-07	0.000000000000000e+00
5.029454044705732e-05	1.580784636467957e-06	0.000000000000000e+00
4.590947780757838e-05	9.317790735005418e-08	0.000000000000000e+00
5.426019405618642e-05	3.430621867428828e-07	0.000000000000000e+00
5.345606316811109e-05	1.062932929148811e-07	0.000000000000000e+00
5.000998078747804e-05	1.092347963392325e-06	0.000000000000000e+00
5.222959274331100e-05	1.839774961895646e-07	0.000000000000000e+00
4.775140033404348e-05	3.460204584726428e-07	0.000000000000000e+00
5.206236866555643e-05	7.171803184034720e-08	0.000000000000000e+00
5.407482549665420e-05	3.330717245174853e-07	0.000000000000000e+00
4.679845220312046e-05	2.291308075283800e-07	0.000000000000000e+00
4.821348497071234e-05	2.593671268458937e-07	0.000000000000000e+00
5.184345148519860e-05	4.113728692062150e-07	0.000000000000000e+00
5.124574236074054e-05	3.893959637405159e-07	0.000000000000000e+00
4.890754649147996e-05	8.271520034720748e-07	0.000000000000000e+00
4.926668799022643e-05	1.250132645655630e-06	0.000000000000000e+00
4.670059850145338e-05	3.760890780521702e-07	0.000000000000000e+00
4.959377001803777e-05	9.051015114414271e-07	0.000000000000000e+00
5.264324576333375e-05	1.167955498339568e-06	0.000000000000000e+00
4.907016822949840e-05	1.216182133062430e-06	0.000000000000000e+00
4.770432755755693e-05	4.429102059443364e-07	0.000000000000000e+00
5.050972941957444e-05	4.224428767806777e-07	0.000000000000000e+00
4.857263958594025e-05	2.334331027271468e-07	0.000000000000000e+00
4.759302418811355e-05	4.601980100969302e-07	0.000000000000000e+00
5.345560828713208e-05	3.439464136062865e-07	0.000000000000000e+00
4.985511657454879e-05	1.152957072907420e-07	0.000000000000000e+00
4.948687408906372e-05	1.363596299809616e-06	0.000000000000000e+00
6.117994271376994e-05	2.526022808038085e-05	0.000000000000000e+00
5.318461857744947e-05	1.491628922573130e-06	0.000000000000000e+00
5.060629062787959e-05	5.320650356344545e-07	0.000000000000000e+00
4.996043276145507e-05	1.991967675080863e-06	0.000000000000000e+00
5.262555531995082e-05	8.692048056814721e-07	0.000000000000000e+00
5.022932013761809e-05	2.938320684494697e-07	0.000000000000000e+00
5.030527491129279e-05	5.778670970019298e-07	0.000000000000000e+00
5.149172910863004e-05	5.431007509770505e-07	0.000000000000000e+00
4.825295892701644e-05	3.332065075063342e-07	0.000000000000000e+00
4.653870346607409e-05	3.833682718692998e-07	0.000000000000000e+00
5.236238017100379e-05	1.290250656136027e-06	0.000000000000000e+00
5.032662247343982e-05	8.177865211482327e-08	0.000000000000000e+00
4.816235493346165e-05	3.361858441343873e-07	0.000000000000000e+00
4.834395771088690e-05	3.418640018786409e-07	0.000000000000000e+00
4.535323590595716e-05	1.648075595883623e-07	0.000000000000000e+00
4.573615411414417e-05	1.008216588213178e-07	0.000000000000000e+00
5.316568516393577e-05	1.805069027942657e-06	0.000000000000000e+00
4.876597424603810e-05	2.712744054978671e-07	0.000000000000000e+00
5.226629723096761e-05	8.553809246840166e-08	0.000000000000000e+00
4.957941822577229e-05	1.970612990897217e-06	0.000000000000000e+00
4.598726034485615e-05	3.694177932606375e-07	0.000000000000000e+00
5.116881415547587e-05	3.458798654506283e-07	0.000000000000000e+00
4.978326945200833e-05	5.802623698467698e-05	0.000000000000000e+00
5.294759992194266e-05	3.678736228924474e-07	0.000000000000000e+00
5.021046913713377e-05	6.524190152124950e-07	0.000000000000000e+00
5.038320635548863e-05	9.220934559190251e-07	0.000000000000000e+00
5.462568635757316e-05	1.061426918703186e-07	0.000000000000000e+00
5.103438299956169e-05	2.529413843508004e-07	0.000000000000000e+00
5.213322954989991e-05	1.450832924062869e-06	0.000000000000000e+00
5.092097539008634e-05	3.993144417668965e-07	0.000000000000000e+00
4.883166267731026e-05	5.223030364139642e-07	0.000000000000000e+00
5.014138989268140e-05	3.858238401964048e-07	0.000000000000000e+00
4.788342956298843e-05	2.412623208855514e-07	0.000000000000000e+00
5.018874701840752e-05	3.908044941523061e-06	0.000000000000000e+00
5.074105052254019e-05	3.395437876643521e-07	0.000000000000000e+00
5.080176940814598e-05	2.463718976778094e-07	0.000000000000000e+00
5.107762197783642e-05	3.919022756562834e-07	0.000000000000000e+00
4.770564085459940e-05	5.853571752541429e-07	0.000000000000000e+00
5.435534114944777e-05	8.661343321092344e-08	0.000000000000000e+00
5.340139102209180e-05	4.534981276952285e-07	0.000000000000000e+00
4.803292035426250e-05	2.800337011860936e-07	0.000000000000000e+00
4.684849266101985e-05	7.681138759763156e-08	0.000000000000000e+00
5.394441167790168e-05	7.578167232661255e-08	0.000000000000000e+00
4.666945978902656e-05	1.086847659322122e-06	0.000000000000000e+00
5.202529336298397e-05	1.187374276092419e-06	0.000000000000000e+00
4.984922695777104e-05	2.393449009001003e-07	0.000000000000000e+00
5.445613506869924e-05	4.787943431018627e-07	0.000000000000000e+00
4.540206252094057e-05	2.351966042434065e-07	0.000000000000000e+00
5.084820383084171e-05	3.156772152014497e-07	0.000000000000000e+00
5.323963490841134e-05	5.088768799304925e-07	0.000000000000000e+00
4.582705653817491e-05	1.596401425787374e-07	0.000000000000000e+00
4.873879206403537e-05	7.146929386155717e-07	0.000000000000000e+00
5.097591083335421e-05	2.004481126680191e-07	0.000000000000000e+00
5.110613102501301e-05	2.262429611951848e-07	0.000000000000000e+00
4.897698800934503e-05	9.906382635972451e-07	0.000000000000000e+00
4.808408767425466e-05	3.320480628295551e-07	0.000000000000000e+00
4.948088245242513e-05	3.518957596153343e-06	0.000000000000000e+00
5.395985007640697e-05	3.472662374934242e-07	0.000000000000000e+00
4.896467160947296e-05	2.876820520539705e-06	0.000000000000000e+00
5.262403751530923e-05	7.396651334072138e-08	0.000000000000000e+00
4.671954071238470e-05	1.685335523561563e-07	0.000000000000000e+00
5.052954627736613e-05	7.144285182517114e-07	0.000000000000000e+00
5.139272279308940e-05	3.606476029445849e-07	0.000000000000000e+00
3.513212418198731e-05	5.890347364023929e-05	0.000000000000000e+00
4.953664891165159e-05	1.635043238479906e-06	0.000000000000000e+00
4.543972825091107e-05	3.155838104062899e-07	0.000000000000000e+00
5.102968258636264e-05	4.789676491769212e-07	0.000000000000000e+00
5.165905692384216e-05	3.069560007891776e-07	0.000000000000000e+00
4.607314517489830e-05	1.927199653459795e-07	0.000000000000000e+00
5.311910493164295e-05	1.166610151642277e-06	0.000000000000000e+00
5.104784014698849e-05	6.841462406870180e-08	0.000000000000000e+00
5.326858114912828e-05	7.726330726241837e-07	0.000000000000000e+00
5.461677689364998e-05	5.786819276493432e-07	0.000000000000000e+00
5.425841602247796e-05	2.523098132031528e-07	0.000000000000000e+00
5.046163460748346e-05	2.231889278965733e-06	0.000000000000000e+00
4.641625694043312e-05	1.216468030578570e-06	0.000000000000000e+00
5.035130487148031e-05	1.135904500265440e-06	0.000000000000000e+00
5.263831443366845e-05	1.443101432391315e-06	0.000000000000000e+00
4.689871379593241e-05	7.164889535525581e-07	0.000000000000000e+00
4.564267439272880e-05	7.934851524709843e-08	0.000000000000000e+00
5.194495559458887e-05	3.109207786847142e-06	0.000000000000000e+00
5.076252983465059e-05	1.582101184397989e-05	0.000000000000000e+00
5.128130752856745e-05	3.742422413414771e-06	0.000000000000000e+00
5.114310300060621e-05	5.955036020622645e-07	0.000000000000000e+00
5.000696216227222e-05	9.089346072260314e-07	0.000000000000000e+00
4.690462665902145e-05	9.570704087299155e-07	0.000000000000000e+00
4.807392915517780e-05	1.914045555747561e-07	0.000000000000000e+00
4.495291280270592e-05	9.211920985238249e-05	0.000000000000000e+00
4.856640314175554e-05	8.862976185191017e-05	0.000000000000000e+00
5.432285143669645e-05	9.809527411969568e-05	0.000000000000000e+00
5.062744479880738e-05	4.050232970325814e-07	0.000000000000000e+00
5.004116927196174e-05	4.366508931954405e-06	0.000000000000000e+00
4.542656419410588e-05	8.765074640838812e-08	0.000000000000000e+00
4.643148600867490e-05	4.292441941633367e-07	0.000000000000000e+00
4.616699594053233e-05	3.366501875407005e-07	0.000000000000000e+00
4.594526233540260e-05	2.882287003730356e-07	0.000000000000000e+00
4.600658390346615e-05	2.329347877343547e-07	0.000000000000000e+00
5.063169721247797e-05	3.128094142943958e-06	0.000000000000000e+00
4.800521619609073e-05	3.782294018586249e-07	0.000000000000000e+00
4.881088160907428e-05	1.961292362918737e-07	0.000000000000000e+00
5.236328771806800e-05	8.374238834494210e-08	0.000000000000000e+00
5.005876435962813e-05	2.690701357122932e-06	0.000000000000000e+00
5.086849363237554e-05	4.576083472802837e-06	0.000000000000000e+00
4.990228654046004e-05	3.604509888607336e-06	0.000000000000000e+00
4.775251320552843e-05	1.551484303725347e-05	0.000000000000000e+00
4.667308229013679e-05	6.257047857328840e-05	0.000000000000000e+00
4.743185306737868e-05	6.661616525636427e-07	0.000000000000000e+00
5.255821923673466e-05	1.756304022843618e-05	0.000000000000000e+00
5.435601922389991e-05	2.615571925170953e-07	0.000000000000000e+00
5.070491839057827e-05	2.774574843373705e-06	0.000000000000000e+00
5.060031811002562e-05	1.694048874804380e-06	0.000000000000000e+00
4.502797862645866e-05	8.088500504983875e-08	0.000000000000000e+00
4.829111268272725e-05	1.810029604523497e-07	0.000000000000000e+00
4.787156465805848e-05	1.307837428665858e-07	0.000000000000000e+00
4.671275415482475e-05	2.760644449848696e-07	0.000000000000000e+00
5.081979039858910e-05	2.428709254343883e-06	0.000000000000000e+00
5.529372076907738e-05	9.662716011095270e-07	0.000000000000000e+00
4.692800814118844e-05	1.196715430286747e-06	0.000000000000000e+00
4.866338356921112e-05	2.576555470642556e-07	0.000000000000000e+00
1.105233935784064e-05	1.822546449811687e-05	0.000000000000000e+00
4.592376253956099e-05	1.991034390541856e-07	0.000000000000000e+00
4.608524778323964e-05	2.738821469113545e-07	0.000000000000000e+00
4.607490789401347e-05	3.578001331798756e-07	0.000000000000000e+00
4.982800533582545e-05	7.859414138574976e-07	0.000000000000000e+00
4.983141430259074e-05	1.015032140518553e-06	0.000000000000000e+00
5.075196773432337e-05	5.825436201867387e-07	0.000000000000000e+00
5.285152729597977e-05	1.645404624534390e-06	0.000000000000000e+00
5.356749678176862e-05	3.636439783105644e-07	0.000000000000000e+00
5.406941615861876e-05	4.459753659258858e-07	0.000000000000000e+00
4.973295950514149e-05	2.494598631019286e-06	0.000000000000000e+00
4.917865391193459e-05	1.172059556432999e-05	0.000000000000000e+00
5.328664511745713e-05	3.025683354010169e-07	0.000000000000000e+00
5.047323684164875e-05	1.423811556632932e-07	0.000000000000000e+00
4.558474461561877e-05	1.987330071409592e-07	0.000000000000000e+00
5.004697725385084e-05	3.338005009265017e-07	0.000000000000000e+00
3.235726747621529e-05	1.895338070164280e-05	0.000000000000000e+00
4.875561266609520e-05	9.279023853038054e-07	0.000000000000000e+00
6.354642778038944e-05	2.829297516305928e-05	0.000000000000000e+00
4.863200959356482e-05	3.233930750532951e-06	0.000000000000000e+00
5.034511122917464e-05	2.985195384216483e-07	0.000000000000000e+00
4.608521519880910e-05	9.501210556134806e-08	0.000000000000000e+00
7.969592841227889e-05	3.794625483696887e-05	0.000000000000000e+00
5.399018562109352e-05	2.515911285914099e-06	0.000000000000000e+00
5.124757228937253e-05	2.872770605141520e-07	0.000000000000000e+00
5.429465915185476e-05	3.136069884918193e-06	0.000000000000000e+00
4.837783551317937e-05	2.622114889802852e-07	0.000000000000000e+00
4.803808425384095e-05	9.747769267160099e-08	0.000000000000000e+00
4.870511406556278e-05	1.433430232860181e-05	0.000000000000000e+00
5.898489687783985e-06	9.682313655553786e-05	0.000000000000000e+00
5.166476140228970e-05	5.880349509263127e-07	0.000000000000000e+00
4.861797992937442e-05	1.706217506196247e-07	0.000000000000000e+00
5.010206814472834e-05	2.302814492839854e-06	0.000000000000000e+00
4.817880303856892e-05	1.784288096967306e-07	0.000000000000000e+00
4.829197344045230e-05	4.056335696604596e-07	0.000000000000000e+00
4.617100715788440e-05	8.066771647676183e-08	0.000000000000000e+00
3.973700239540200e-05	1.923257536938629e-05	0.000000000000000e+00
4.779865025960774e-05	2.715431834918205e-07	0.000000000000000e+00
4.711053009265638e-05	8.153287215312373e-07	0.000000000000000e+00
5.004647871755585e-05	2.049365206233524e-05	0.000000000000000e+00
4.754646674827068e-05	5.519553515237082e-05	0.000000000000000e+00
5.000766282360385e-05	7.049151514267714e-06	0.000000000000000e+00
5.439639966103671e-05	6.446912627427498e-07	0.000000000000000e+00
5.199971220015047e-05	2.171122555415940e-05	0.000000000000000e+00
7.225579449504552e-05	1.916913240681900e-05	0.000000000000000e+00
5.116342441543460e-05	7.165889618642085e-05	0.000000000000000e+00
5.131306728629496e-05	9.742071988601286e-06	0.000000000000000e+00
5.328929637123747e-05	1.521245964504186e-07	0.000000000000000e+00
5.348044140648312e-05	1.665810462951372e-06	0.000000000000000e+00
5.410787301473657e-05	2.461167724035435e-07	0.000000000000000e+00
4.988424704934750e-05	3.148907359657360e-06	0.000000000000000e+00
5.037620425763864e-05	2.948559677516368e-06	0.000000000000000e+00
4.919344221268681e-05	1.716850944316184e-05	0.000000000000000e+00
5.193378500004815e-05	7.165092579607687e-07	0.000000000000000e+00
5.101465805692358e-05	1.080704088659999e-06	0.000000000000000e+00
5.345850672665136e-05	6.039831970013234e-07	0.000000000000000e+00
2.683077328649481e-05	2.399924943674629e-05	0.000000000000000e+00
5.368718711147295e-05	1.366147556179372e-06	0.000000000000000e+00
4.928320828345453e-05	2.071371723982197e-06	0.000000000000000e+00
3.451965098416876e-05	9.850536004009731e-05	0.000000000000000e+00
4.250261288829030e-05	5.870527814163802e-05	0.000000000000000e+00
4.654505316318433e-05	2.708844306564257e-07	0.000000000000000e+00
5.037594991525077e-05	3.463320177091877e-06	0.000000000000000e+00
4.855103714725775e-05	2.879353627522845e-06	0.000000000000000e+00
5.134828062137489e-05	6.520414568181831e-07	0.000000000000000e+00
1.994163322677201e-05	9.550574865576382e-05	0.000000000000000e+00
4.598908337482695e-05	1.325321443575231e-05	0.000000000000000e+00
4.356141238423942e-05	8.544920959818092e-05	0.000000000000000e+00
5.308276410960863e-05	2.768259246940900e-07	0.000000000000000e+00
9.035497635616650e-05	2.143178699101317e-05	0.000000000000000e+00
5.280796236532392e-05	1.763346079446074e-07	0.000000000000000e+00
5.337156870174951e-05	2.743694783035653e-07	0.000000000000000e+00
5.018766038806748e-05	1.072199401312106e-05	0.000000000000000e+00
3.895927768190434e-05	2.161536608013285e-05	0.000000000000000e+00
4.684658940548863e-05	1.683887510541472e-06	0.000000000000000e+00
4.784216528751054e-05	3.372903212911380e-07	0.000000000000000e+00
5.183858825924072e-05	1.020948360627547e-06	0.000000000000000e+00
4.910721140820545e-05	1.407964794425995e-06	0.000000000000000e+00
4.790258425017001e-05	4.176307506511817e-07	0.000000000000000e+00
9.506893021159179e-06	9.663100682736470e-05	0.000000000000000e+00
5.059019070360832e-05	1.845773802969451e-07	0.000000000000000e+00
4.675123897694797e-05	5.270684988366698e-07	0.000000000000000e+00
5.138889905085368e-05	3.111692493873219e-06	0.000000000000000e+00
5.241363212509798e-05	1.725690844813477e-06	0.000000000000000e+00
4.969725042273316e-05	1.294718027383922e-05	0.000000000000000e+00
5.070999481912763e-05	3.918446475699724e-06	0.000000000000000e+00
5.418802110339184e-05	1.064759861737262e-06	0.000000000000000e+00
4.848639101412638e-05	2.479955530943981e-07	0.000000000000000e+00
4.621384659114520e-05	4.292907844713733e-07	0.000000000000000e+00
5.184665770157117e-05	5.694024555770359e-07	0.000000000000000e+00
4.912392329206477e-05	6.165648975866034e-07	0.000000000000000e+00
6.130135413966802e-05	1.554827589881601e-05	0.000000000000000e+00
5.964211457759974e-05	3.232043893603256e-06	0.000000000000000e+00
5.396573083552987e-05	4.612511252496805e-07	0.000000000000000e+00
3.812490526875435e-05	8.666733076746877e-05	0.000000000000000e+00
4.947719134665680e-05	9.232177306000833e-06	0.000000000000000e+00
5.408860708507487e-05	2.420933084020242e-05	0.000000000000000e+00
5.082139824326195e-05	7.374774935834897e-06	0.000000000000000e+00
5.388540645651318e-05	9.189577204015346e-05	0.000000000000000e+00
8.927422929134913e-05	1.745463101840264e-05	0.000000000000000e+00
3.413593309942008e-05	8.745882613322699e-05	0.000000000000000e+00
4.614316370581602e-05	1.529699706119319e-07	0.000000000000000e+00
5.045959373541558e-05	4.345442775717420e-06	0.000000000000000e+00
5.402814749634484e-05	1.295833670897884e-06	0.000000000000000e+00
6.017734297734578e-05	4.453290424455486e-06	0.000000000000000e+00
6.099233618501581e-05	9.446864232000500e-05	0.000000000000000e+00
4.881331007300772e-05	1.160426556467585e-06	0.000000000000000e+00
4.675078277714180e-05	8.056982222381029e-08	0.000000000000000e+00
5.003332996091952e-05	1.142158935328746e-07	0.000000000000000e+00
5.320140267721569e-05	1.699443043945672e-07	0.000000000000000e+00
4.845220380316352e-05	3.522476213222178e-07	0.000000000000000e+00
8.917589477486058e-06	1.899190826613301e-05	0.000000000000000e+00
5.165599217949418e-05	4.227287610475964e-06	0.000000000000000e+00
5.140287152691066e-05	1.149849404306157e-06	0.000000000000000e+00
5.765680770305813e-05	9.720836810189206e-05	0.000000000000000e+00
4.964583263981189e-05	4.085832948486317e-06	0.000000000000000e+00
5.780467796634308e-05	3.263134109037241e-05	0.000000000000000e+00
5.137948459166088e-05	4.785079537120389e-06	0.000000000000000e+00
4.644554283191376e-05	3.177697610822498e-07	0.000000000000000e+00
5.064682727059572e-05	1.266780449438193e-06	0.000000000000000e+00
5.031297988021649e-05	4.794525676945894e-06	0.000000000000000e+00
6.246313152037342e-05	9.816736759408540e-05	0.000000000000000e+00
4.775361662582902e-05	1.837371390180409e-05	0.000000000000000e+00
5.102046323054590e-05	1.872985244686295e-05	0.000000000000000e+00
5.356455365325796e-05	1.906565868652871e-07	0.000000000000000e+00
4.828095431144722e-05	7.724202645384406e-05	0.000000000000000e+00
4.632742137573370e-05	3.688476477043664e-07	0.000000000000000e+00
7.484109389515665e-05	1.897620131976769e-05	0.000000000000000e+00
5.086015070906595e-05	1.736339366887688e-05	0.000000000000000e+00
4.866397365067724e-05	2.540798341267987e-06	0.000000000000000e+00
5.089212221127097e-05	3.389667127559517e-06	0.000000000000000e+00
4.139398415941704e-05	5.466927320551716e-05	0.000000000000000e+00
5.109653411965362e-05	3.023268324279420e-07	0.000000000000000e+00
5.292910853801754e-05	3.931102426162777e-06	0.000000000000000e+00
1.583081365087445e-05	3.965017348258671e-06	0.000000000000000e+00
5.325847663011125e-05	1.256140182780100e-05	0.000000000000000e+00
5.033371688309512e-05	1.941921434500591e-06	0.000000000000000e+00
4.494589220414105e-05	7.065081238226321e-08	0.000000000000000e+00
5.234634844061020e-05	3.781770930771584e-07	0.000000000000000e+00
4.947295994077164e-05	1.138433513322851e-07	0.000000000000000e+00
5.177093079221541e-05	9.951244115887353e-08	0.000000000000000e+00
4.512515119648543e-05	8.191056950372829e-08	0.000000000000000e+00
4.934110592100637e-05	3.814732000631762e-07	0.000000000000000e+00
4.717294344911293e-05	1.026180391455811e-07	0.000000000000000e+00
5.519090396014876e-05	1.949228456621266e-07	0.000000000000000e+00
5.242771318420738e-05	4.135624039432153e-07	0.000000000000000e+00
5.484737367098994e-05	2.380482887585971e-07	0.000000000000000e+00
5.505352524197121e-05	9.872394332997838e-08	0.000000000000000e+00
5.197550667406973e-05	7.524007162494738e-08	0.000000000000000e+00
4.708277107173089e-05	1.950807453815839e-07	0.000000000000000e+00
4.722595624655408e-05	3.038722260260221e-07	0.000000000000000e+00
5.250608740141280e-05	4.691412956527443e-07	0.000000000000000e+00
4.725388438265847e-05	4.012317777179232e-07	0.000000000000000e+00
4.939726751036460e-05	2.019448031843747e-07	0.000000000000000e+00
4.925340347590165e-05	3.543649826187146e-07	0.000000000000000e+00
4.958640337693452e-05	6.827904267344747e-08	0.000000000000000e+00
5.314599197061298e-05	1.011639417947818e-07	0.000000000000000e+00
5.182730706367839e-05	3.634682470228704e-06	0.000000000000000e+00
4.967311388231499e-05	1.151948928645729e-07	0.000000000000000e+00
4.949738492681947e-05	2.364792000623757e-07	0.000000000000000e+00
4.742997354566625e-05	3.343832118087566e-07	0.000000000000000e+00
4.871961676617277e-05	9.611844217792023e-05	0.000000000000000e+00
4.916457961107488e-05	3.783963403858586e-07	0.000000000000000e+00
4.894980168930942e-05	8.081071864805529e-08	0.000000000000000e+00
4.907087727630791e-05	2.230337615562090e-07	0.000000000000000e+00
4.779063312153955e-05	7.583288650985851e-08	0.000000000000000e+00
5.476064287169180e-05	1.809360592739742e-07	0.000000000000000e+00
4.720645017591290e-05	2.105970355498237e-07	0.000000000000000e+00
4.931152112615265e-05	1.615872557213584e-07	0.000000000000000e+00
4.923677830940942e-05	1.844329641364421e-07	0.000000000000000e+00
5.464980865689031e-05	2.156645314835674e-07	0.000000000000000e+00
5.481990049429836e-05	5.968907066638112e-07	0.000000000000000e+00
5.219237989808035e-05	4.972830001474979e-07	0.000000000000000e+00
5.499650119140128e-05	1.927103816695716e-07	0.000000000000000e+00
4.532063151739273e-05	8.861644683883917e-08	0.000000000000000e+00
6.175632422186799e-05	9.225225394659257e-05	0.000000000000000e+00
4.915889174266795e-05	2.109840059299759e-07	0.000000000000000e+00
4.945823565128035e-05	4.662547669869001e-07	0.000000000000000e+00
5.194642073370193e-05	1.534097040496585e-07	0.000000000000000e+00
5.065971954390895e-05	3.232027536147040e-07	0.000000000000000e+00
5.254416431462820e-05	2.632631150420540e-07	0.000000000000000e+00
5.456436279078990e-05	4.309442578979533e-07	0.000000000000000e+00
5.416743840918097e-05	3.831743961706303e-07	0.000000000000000e+00
5.496987648898247e-05	3.829363773542471e-07	0.000000000000000e+00
5.196111367205862e-05	2.636444352814580e-06	0.000000000000000e+00
5.165972717026922e-05	1.087483523907348e-07	0.000000000000000e+00
5.012935291325072e-05	8.192519108306465e-08	0.000000000000000e+00
9.149326346007644e-05	2.947233541843965e-05	0.000000000000000e+00
5.130129040967991e-05	1.221524866951474e-07	0.000000000000000e+00
5.185509634648385e-05	1.527211437174232e-07	0.000000000000000e+00
5.205159387805973e-05	9.039213362381072e-07	0.000000000000000e+00
5.413673776962630e-05	8.631954655429120e-08	0.000000000000000e+00
5.268153487845792e-05	3.409120226143878e-07	0.000000000000000e+00
5.486660680742445e-05	1.293990085762072e-07	0.000000000000000e+00
8.957202520957552e-05	9.741419794879928e-05	0.000000000000000e+00
4.455872500237450e-05	9.830928886738442e-05	0.000000000000000e+00
5.470226864488373e-05	1.162459925033266e-07	0.000000000000000e+00
5.137553711148493e-05	1.661029470357264e-07	0.000000000000000e+00
5.454285661661605e-05	2.609771273523969e-07	0.000000000000000e+00
5.112845820620982e-05	8.206611416423645e-08	0.000000000000000e+00
4.988311052263898e-05	4.431811228016073e-07	0.000000000000000e+00
4.976511562813177e-05	1.778945589722581e-07	0.000000000000000e+00
5.130909258023409e-05	9.294917541940793e-05	0.000000000000000e+00
5.065618277176465e-05	6.591563838230331e-07	0.000000000000000e+00
5.340590840931960e-05	1.283143731474483e-06	0.000000000000000e+00
4.697943279223714e-05	3.203622126835699e-07	0.000000000000000e+00
4.727588597946259e-05	6.900903177810269e-08	0.000000000000000e+00
4.744715444679514e-05	2.514113923811053e-07	0.000000000000000e+00
7.762539506861182e-05	3.131324190897265e-05	0.000000000000000e+00
3.342337714174161e-05	3.312128957739955e-05	0.000000000000000e+00
5.205780835062065e-05	1.513273885170590e-07	0.000000000000000e+00
5.569283508670316e-05	9.621787327250039e-05	0.000000000000000e+00
5.213643023125272e-05	3.585415969676927e-07	0.000000000000000e+00
5.215098900279952e-05	1.041665509297282e-07	0.000000000000000e+00
5.387848570591065e-05	4.163629797951458e-07	0.000000000000000e+00
5.214809866022543e-05	9.787563893250203e-05	0.000000000000000e+00
4.694311863021320e-05	5.333852680557401e-07	0.000000000000000e+00
6.524744604139872e-05	2.486244722955696e-05	0.000000000000000e+00
4.905562627436275e-05	3.931672938367043e-07	0.000000000000000e+00
4.502758860776009e-05	2.598257284665669e-07	0.000000000000000e+00
5.387090265740194e-05	6.801475326600998e-08	0.000000000000000e+00
5.408685787292561e-05	7.482303489428470e-05	0.000000000000000e+00
3.490112846487953e-05	3.593475572724912e-05	0.000000000000000e+00
4.778670545960320e-05	8.892251378391693e-07	0.000000000000000e+00
5.468331686686734e-05	4.106767379639788e-07	0.000000000000000e+00
5.290750779662964e-05	3.005731718834550e-07	0.000000000000000e+00
4.799673377088436e-05	5.014628094192385e-07	0.000000000000000e+00
5.039185258439880e-05	4.080879380966975e-07	0.000000000000000e+00
9.464371242330455e-05	2.050952232387908e-05	0.000000000000000e+00
4.708263202979698e-05	4.045297454483594e-07	0.000000000000000e+00
3.067045522469063e-05	3.690387719510982e-05	0.000000000000000e+00
5.888683694249077e-05	4.189693956587818e-06	0.000000000000000e+00
7.426229619960116e-05	3.767174921709237e-05	0.000000000000000e+00
4.850547263337677e-05	7.438791489453192e-05	0.000000000000000e+00
4.515893595334827e-05	7.046686449246278e-06	0.000000000000000e+00
4.975866921699912e-05	8.167703182551460e-08	0.000000000000000e+00
4.835738580916334e-05	9.153041173775432e-05	0.000000000000000e+00
4.750672542689074e-05	3.884662690378858e-07	0.000000000000000e+00
4.715240670911589e-05	3.576615093322050e-07	0.000000000000000e+00
5.187654102265091e-05	7.956485233356323e-08	0.000000000000000e+00
4.522356541503482e-05	8.870974556399855e-08	0.000000000000000e+00
6.172192807350745e-05	1.332629426936708e-05	0.000000000000000e+00
5.204762896053575e-05	1.970297484683845e-06	0.000000000000000e+00
5.056534301649344e-05	3.042221990253363e-07	0.000000000000000e+00
4.699619219143489e-05	1.507945382204876e-07	0.000000000000000e+00
5.263910677776504e-05	2.431364397573533e-07	0.000000000000000e+00
4.780217246577538e-05	4.325576899753410e-07	0.000000000000000e+00
5.204658828396202e-05	3.188669390877261e-07	0.000000000000000e+00
5.455428898015708e-05	2.529274229630912e-06	0.000000000000000e+00
5.084406249432877e-05	9.574551798262314e-05	0.000000000000000e+00
5.598347843710544e-05	9.830430309881762e-05	0.000000000000000e+00
5.383988387108212e-05	3.223725778795417e-07	0.000000000000000e+00
4.750017419212087e-05	1.797799509902652e-07	0.000000000000000e+00
5.220312963988270e-05	2.888151880625138e-07	0.000000000000000e+00
4.566578339574913e-05	3.345952472459918e-07	0.000000000000000e+00
4.783778336870536e-05	1.285627277557246e-05	0.000000000000000e+00
5.477298762388853e-05	2.002265687024602e-06	0.000000000000000e+00
4.960118242322884e-05	4.171358455566985e-07	0.000000000000000e+00
5.071838342837836e-05	1.809234546589311e-07	0.000000000000000e+00
6.968621850114999e-05	2.627491135509510e-05	0.000000000000000e+00
5.243486141822225e-05	2.924398066591124e-07	0.000000000000000e+00
4.978713660018790e-05	5.189998377829200e-07	0.000000000000000e+00
4.730467600391096e-05	2.443966037012083e-07	0.000000000000000e+00
4.440733927625586e-05	6.999301862377696e-05	0.000000000000000e+00
4.704918719287522e-05	2.698523595567405e-07	0.000000000000000e+00
4.711391484624555e-05	1.736716993146648e-06	0.000000000000000e+00
5.011873868956004e-05	1.706153582667399e-07	0.000000000000000e+00
4.624219553628517e-05	3.501855100320655e-07	0.000000000000000e+00
5.816564599454805e-05	8.843621805234203e-05	0.000000000000000e+00
4.705584604024236e-05	4.859369390000874e-07	0.000000000000000e+00
5.482844298277581e-05	2.922599444670083e-06	0.000000000000000e+00
5.382030402790709e-05	1.161862950049837e-06	0.000000000000000e+00
5.301455868630131e-05	3.351846432589388e-07	0.000000000000000e+00
5.249091321770250e-05	1.721070440464566e-07	0.000000000000000e+00
4.989024084168411e-05	5.905978773270110e-07	0.000000000000000e+00
4.488454368732671e-05	5.141613259130096e-06	0.000000000000000e+00
4.657063604973651e-05	9.699316544706537e-05	0.000000000000000e+00
5.275794196660925e-05	4.262659867532627e-07	0.000000000000000e+00
6.686659150487703e-05	3.521834830832874e-05	0.000000000000000e+00
5.346134496537983e-05	2.304473794990059e-07	0.000000000000000e+00
5.099803670555445e-05	6.128283398098733e-07	0.000000000000000e+00
4.706385019672517e-05	3.399470374145902e-07	0.000000000000000e+00
5.450522944024691e-05	2.052609929526023e-07	0.000000000000000e+00
5.178752869537756e-05	1.181575823600207e-06	0.000000000000000e+00
4.958157752841697e-05	5.414353207843941e-06	0.000000000000000e+00
4.921029411269003e-05	2.860792921904888e-07	0.000000000000000e+00
4.975523798936551e-05	3.642126105595716e-07	0.000000000000000e+00
7.276598454637112e-06	8.578120206730246e-05	0.000000000000000e+00
2.979674538441439e-05	1.499654334667420e-05	0.000000000000000e+00
5.224806551590298e-05	3.704685129276370e-07	0.000000000000000e+00
4.729379936616962e-05	1.533646894301165e-07	0.000000000000000e+00
5.200952782420074e-05	5.578006223520398e-07	0.000000000000000e+00
5.119925558605346e-05	7.666278624994643e-07	0.000000000000000e+00
4.752125791196853e-05	2.857712319564474e-07	0.000000000000000e+00
5.295314168312914e-05	1.215420884021009e-07	0.000000000000000e+00
4.855095846569807e-05	4.876079565988753e-07	0.000000000000000e+00
5.089410198861596e-05	2.175597797523816e-07	0.000000000000000e+00
5.254168365713953e-05	8.163450690402482e-08	0.000000000000000e+00
4.695173221082554e-05	7.838331521056790e-08	0.000000000000000e+00
4.824228046474547e-05	8.900252375546291e-08	0.000000000000000e+00
4.924732973806601e-05	8.895684137214899e-08	0.000000000000000e+00
4.739782286557804e-05	8.460317177468513e-08	0.000000000000000e+00
6.473331085997955e-05	9.862650077865010e-05	0.000000000000000e+00
5.089516238101539e-05	5.299636975202894e-07	0.000000000000000e+00
4.966773499988928e-05	2.252274382130912e-07	0.000000000000000e+00
4.994592003067311e-05	8.371577725582086e-08	0.000000000000000e+00
4.909972555147009e-05	1.458551106014852e-07	0.000000000000000e+00
4.927933468661312e-05	4.398960405421606e-06	0.000000000000000e+00
5.259405584239646e-05	4.111075759847134e-07	0.000000000000000e+00
5.081020515903301e-05	4.368511161496001e-07	0.000000000000000e+00
2.366354448857984e-05	1.888821555102980e-05	0.000000000000000e+00
4.877922505052898e-05	9.948194812243902e-08	0.000000000000000e+00
4.583453769197949e-05	7.072794175002189e-08	0.000000000000000e+00
5.046272464881564e-05	6.239709837570370e-08	0.000000000000000e+00
5.103940372509065e-05	7.530367649980058e-07	0.000000000000000e+00
4.926542415343712e-05	7.027381194434116e-07	0.000000000000000e+00
5.055153021297969e-05	7.518231473153587e-08	0.000000000000000e+00
9.478512352855398e-05	2.391785898082874e-05	0.000000000000000e+00
8.722560575126799e-05	2.545078030773338e-05	0.000000000000000e+00
6.819069502582001e-05	2.269284663396834e-05	0.000000000000000e+00
2.591254407889218e-05	2.127387732277552e-05	0.000000000000000e+00
4.867952786459358e-05	3.650864476568225e-07	0.000000000000000e+00
4.739117620485681e-05	4.740201617370299e-07	0.000000000000000e+00
5.204444990705664e-05	4.149989924128297e-07	0.000000000000000e+00
1.082840071174400e-05	2.298707646817438e-05	0.000000000000000e+00
4.738057673940469e-05	2.716059094281171e-07	0.000000000000000e+00
5.945062141314147e-05	9.567304127294893e-05	0.000000000000000e+00
5.174026842556645e-05	3.666600873644573e-07	0.000000000000000e+00
8.145050690836106e-05	2.055904274305261e-05	0.000000000000000e+00
5.071843979546774e-05	2.673241090880064e-07	0.000000000000000e+00
5.333171064973166e-05	3.742173280964524e-07	0.000000000000000e+00
7.445902725888577e-05	2.247709420060626e-05	0.000000000000000e+00
4.928806193584219e-05	5.504538426784762e-07	0.000000000000000e+00
5.145287573267572e-05	2.092584788658796e-06	0.000000000000000e+00
6.160159810682205e-05	9.624601398335980e-05	0.000000000000000e+00
5.232375736151401e-05	8.285549860073214e-07	0.000000000000000e+00
7.097386031721830e-05	4.191022368069238e-05	0.000000000000000e+00
4.498031682568736e-05	2.169001065232340e-07	0.000000000000000e+00
5.544861644292877e-05	9.388104875760367e-05	0.000000000000000e+00
4.750194088839035e-05	4.715275655026498e-07	0.000000000000000e+00
5.224329434636049e-05	1.050731630388507e-06	0.000000000000000e+00
5.495994857189636e-05	1.033967536034334e-07	0.000000000000000e+00
4.959004734573137e-05	2.984653588907877e-07	0.000000000000000e+00
9.299784855435767e-05	2.038613998128677e-05	0.000000000000000e+00
5.373771559480078e-05	1.986368586429288e-07	0.000000000000000e+00
4.759359185198358e-05	1.121886133034281e-07	0.000000000000000e+00
4.515034533684900e-05	4.121189846803031e-07	0.000000000000000e+00
5.543864592456609e-05	4.944628380745182e-07	0.000000000000000e+00
7.704112998330416e-05	2.128531613247011e-05	0.000000000000000e+00
5.523687650180272e-05	6.153158780220036e-07	0.000000000000000e+00
2.378919228288295e-05	2.155727933695714e-05	0.000000000000000e+00
5.287226960019906e-05	1.157939893580525e-07	0.000000000000000e+00
1.334175306086979e-05	2.126183251417497e-05	0.000000000000000e+00
5.503029264874482e-05	5.890515018969220e-07	0.000000000000000e+00
5.403935060606412e-05	8.236487664014075e-08	0.000000000000000e+00
7.484311831831054e-05	2.558822241434464e-05	0.000000000000000e+00
5.140979275911008e-05	7.677327541071152e-08	0.000000000000000e+00
4.486384838465499e-05	1.010139119727039e-07	0.000000000000000e+00
3.032773652869688e-05	2.255167307311382e-05	0.000000000000000e+00
8.090832598202697e-05	2.495839885898095e-05	0.000000000000000e+00
5.485004063325835e-05	3.414834519335079e-07	0.000000000000000e+00
4.764574015060876e-05	6.083128841772384e-08	0.000000000000000e+00
5.247475211776083e-05	6.141643150670215e-07	0.000000000000000e+00
5.493434141607117e-05	2.720775566799432e-07	0.000000000000000e+00
5.502141322050199e-05	2.840838169528192e-07	0.000000000000000e+00
4.899464171759695e-05	2.828757052697097e-07	0.000000000000000e+00
7.401652064968322e-05	2.077538354669749e-05	0.000000000000000e+00
4.517046269909809e-05	3.388260509323407e-07	0.000000000000000e+00
7.148555761602404e-05	2.196917367382443e-05	0.000000000000000e+00
5.516610358819144e-05	1.012275751674527e-07	0.000000000000000e+00
4.522011860319497e-05	2.488854403257357e-07	0.000000000000000e+00
2.526023674246699e-06	2.129395648280850e-05	0.000000000000000e+00
2.756246295175213e-05	2.061070666031635e-05	0.000000000000000e+00
4.976823452946024e-05	2.213850793827342e-06	0.000000000000000e+00
4.726709613077480e-05	4.956808287535612e-07	0.000000000000000e+00
8.749745637150503e-05	2.138681802303160e-05	0.000000000000000e+00
9.516184112088217e-05	1.906642875471449e-05	0.000000000000000e+00
4.968993933981178e-05	2.806082450213963e-06	0.000000000000000e+00
5.305008035017246e-05	1.079555026640954e-07	0.000000000000000e+00
5.122166410933734e-05	9.345626159680353e-08	0.000000000000000e+00
4.527908183557459e-05	3.282957599746567e-07	0.000000000000000e+00
7.032092476014572e-05	1.944366672753467e-05	0.000000000000000e+00
4.915064039263278e-05	6.947333135944100e-08	0.000000000000000e+00
4.899815797176342e-05	1.701381438929502e-07	0.000000000000000e+00
4.511071994413782e-05	2.602095361083780e-07	0.000000000000000e+00
4.527790501921996e-05	5.299628229893730e-07	0.000000000000000e+00
5.532953307259096e-05	3.013876135965691e-08	0.000000000000000e+00
5.065231195615449e-05	9.078036043290642e-08	0.000000000000000e+00
4.904871930690394e-05	7.869942244117464e-08	0.000000000000000e+00
1.429002897751626e-05	3.976115445059083e-05	0.000000000000000e+00
6.366350576444423e-05	1.482882817340734e-05	0.000000000000000e+00
5.000205270372293e-05	9.798920353276029e-05	0.000000000000000e+00
5.169460114137834e-05	2.847349826176016e-06	0.000000000000000e+00
5.229681357497145e-05	6.316328823316529e-07	0.000000000000000e+00
4.475267690738788e-05	8.737861995047954e-08	0.000000000000000e+00
4.488625898950705e-05	4.805413551271828e-07	0.000000000000000e+00
4.486166958185112e-05	7.292293449891059e-07	0.000000000000000e+00
2.503298762357135e-05	1.654983004872392e-05	0.000000000000000e+00
1.873610986445154e-05	1.859675653365755e-05	0.000000000000000e+00
5.461493009898255e-05	3.360872285805066e-07	0.000000000000000e+00
5.193745956991031e-05	4.579770107515165e-07	0.000000000000000e+00
5.303138123740333e-06	2.043483860100639e-05	0.000000000000000e+00
5.266669539927900e-05	4.392253242435981e-07	0.000000000000000e+00
8.360339715301674e-05	1.994424523361259e-05	0.000000000000000e+00
7.232037318779078e-05	2.948257020415716e-05	0.000000000000000e+00
6.712426053473542e-05	1.926345312516693e-05	0.000000000000000e+00
5.074070551659510e-05	7.890637482481641e-08	0.000000000000000e+00
4.886263688588163e-05	6.656686014561151e-08	0.000000000000000e+00
4.496287153669423e-05	5.352714751724985e-07	0.000000000000000e+00
4.925479048795236e-05	4.327589892291493e-07	0.000000000000000e+00
5.152370244416611e-05	9.024417674942325e-08	0.000000000000000e+00
5.157821250580839e-05	1.597371253308849e-07	0.000000000000000e+00
2.215943812660732e-05	1.799590762937341e-05	0.000000000000000e+00
4.500217285388581e-05	1.207060508370643e-06	0.000000000000000e+00
5.475258501299260e-05	4.884999838148871e-07	0.000000000000000e+00
2.524433712853304e-05	1.997015847699502e-05	0.000000000000000e+00
5.251590091067786e-05	3.612452245415905e-07	0.000000000000000e+00
4.933554849902032e-05	4.577351997394254e-07	0.000000000000000e+00
5.507044717720882e-05	3.788308696230236e-07	0.000000000000000e+00
8.521566879149434e-05	3.315747400801687e-05	0.000000000000000e+00
4.464078755974610e-05	8.366506219471766e-08	0.000000000000000e+00
5.538610944738967e-05	2.122603246457146e-07	0.000000000000000e+00
4.509773659925230e-05	5.147893932534901e-07	0.000000000000000e+00
2.341123126954522e-05	2.525646554835285e-05	0.000000000000000e+00
5.518484666482259e-05	4.114775710070483e-07	0.000000000000000e+00
5.172032620934696e-05	1.585953845699674e-07	0.000000000000000e+00
4.951915809692731e-05	3.608327217572972e-07	0.000000000000000e+00
4.505640559286466e-05	1.820300814967829e-07	0.000000000000000e+00
5.527203236555499e-05	7.470310042763523e-08	0.000000000000000e+00
2.130533648674226e-05	2.240115262518792e-05	0.000000000000000e+00
3.099440467757388e-05	1.780247401368429e-05	0.000000000000000e+00
4.529391172419413e-05	7.448539174437948e-07	0.000000000000000e+00
4.951088034422709e-05	3.028776375509242e-07	0.000000000000000e+00
4.966999626517119e-05	2.895397129508713e-07	0.000000000000000e+00
9.077707421451632e-05	1.702248142468495e-05	0.000000000000000e+00
1.374399972134583e-05	2.437152098944374e-05	0.000000000000000e+00
5.536793153163900e-05	8.594188292780859e-08	0.000000000000000e+00
5.159041053006093e-05	8.968241361776074e-08	0.000000000000000e+00
5.439389794619287e-05	4.182906758396769e-07	0.000000000000000e+00
3.567526796958025e-05	2.121333159841433e-05	0.000000000000000e+00
3.367562511199404e-05	2.376254996315481e-05	0.000000000000000e+00
4.419787664278402e-05	5.774085439610203e-07	0.000000000000000e+00
5.527702709986764e-05	2.621046544682304e-08	0.000000000000000e+00
4.893878766012663e-05	2.211835713700226e-07	0.000000000000000e+00
4.496658796910202e-05	1.496087655434959e-07	0.000000000000000e+00
3.278378360526371e-05	2.090195045736594e-05	0.000000000000000e+00
9.274063001021795e-05	8.936731427197956e-05	0.000000000000000e+00
4.534224212807975e-05	4.185750733973853e-07	0.000000000000000e+00
4.543948172755994e-05	4.591765979470906e-07	0.000000000000000e+00
5.448516796668910e-05	3.642348298848152e-07	0.000000000000000e+00
1.818540884146105e-06	1.934577986050276e-05	0.000000000000000e+00
3.194926021556413e-05	2.989412177942942e-05	0.000000000000000e+00
8.272076620597743e-05	2.884708478147836e-05	0.000000000000000e+00
8.463500497226443e-05	2.154854678781905e-05	0.000000000000000e+00
5.513073945573454e-05	2.811191062037407e-07	0.000000000000000e+00
6.446932232519344e-05	1.644890657360359e-05	0.000000000000000e+00
1.509597308732850e-05	2.937118499188798e-05	0.000000000000000e+00
1.857365650136946e-05	2.474407072916056e-05	0.000000000000000e+00
8.884207862724811e-05	1.937596797773301e-05	0.000000000000000e+00
8.961289836550846e-05	9.357297430873852e-05	0.000000000000000e+00
3.419553723588986e-05	1.939579493291728e-05	0.000000000000000e+00
1.910885627988190e-05	2.069486516302002e-05	0.000000000000000e+00
8.660664357369843e-05	1.952474134335379e-05	0.000000000000000e+00
2.974667347098375e-05	3.272957189587779e-05	0.000000000000000e+00
4.522496595415546e-05	4.287557522351486e-07	0.000000000000000e+00
5.243956044852112e-05	4.980068239416711e-07	0.000000000000000e+00
2.123280488743790e-05	2.945965740796275e-05	0.000000000000000e+00
5.228412073632425e-05	4.352719718139991e-07	0.000000000000000e+00
8.767465638874516e-05	1.805835640782216e-05	0.000000000000000e+00
3.570453949941850e-05	1.943664748898690e-05	0.000000000000000e+00
7.196779260356231e-06	4.092942432501007e-05	0.000000000000000e+00
1.500730129758791e-05	1.974748626325388e-05	0.000000000000000e+00
8.734879077390769e-05	9.067396401776715e-05	0.000000000000000e+00
5.477202163277027e-05	3.962364395366063e-07	0.000000000000000e+00
5.528681370797306e-05	1.811377325672003e-07	0.000000000000000e+00
2.167620180679138e-05	6.312971453745443e-05	0.000000000000000e+00
5.525225833704308e-05	3.110078444259930e-07	0.000000000000000e+00
4.489678522286385e-05	2.227493792058348e-07	0.000000000000000e+00
4.471703988408497e-05	1.681538734983846e-07	0.000000000000000e+00
5.522762515190839e-05	1.376106354951716e-07	0.000000000000000e+00
4.487804581782671e-05	3.209989875970015e-07	0.000000000000000e+00
4.506803725725640e-05	3.533058797992820e-07	0.000000000000000e+00
4.480163044722646e-05	1.644474979153846e-07	0.000000000000000e+00
4.495998128093324e-05	4.159130031420310e-07	0.000000000000000e+00
4.475055795060850e-05	3.906994908148042e-07	0.000000000000000e+00
4.479253759904266e-05	2.588203077258495e-07	0.000000000000000e+00
5.487184091478406e-05	4.620418288744096e-07	0.000000000000000e+00
4.484871563849498e-05	4.066346162921000e-07	0.000000000000000e+00
5.533009003156468e-05	2.974723281519704e-07	0.000000000000000e+00
4.496549335253209e-05	2.930995083850556e-07	0.000000000000000e+00
4.459756690701395e-05	2.464578796991294e-07	0.000000000000000e+00
4.476431856972555e-05	5.252314537303399e-07	0.000000000000000e+00
5.322392884908321e-05	-1.704328386265703e-05	0.000000000000000e+00
4.679787591095610e-05	-1.696924660026034e-05	0.000000000000000e+00
4.898504030297095e-05	-1.602667870711856e-05	0.000000000000000e+00
5.108533977602995e-05	-1.616732516777412e-05	0.000000000000000e+00
4.821026951074013e-05	-1.135245016488740e-05	0.000000000000000e+00
5.209931849532934e-05	-1.154742961418644e-05	0.000000000000000e+00
5.317195614206467e-05	-1.480984693955972e-05	0.000000000000000e+00
4.686151406268535e-05	-1.454934475082597e-05	0.000000000000000e+00
4.840695879375503e-05	-1.337293440762720e-05	0.000000000000000e+00
5.002100079912660e-05	-1.802521955950788e-05	0.000000000000000e+00
5.345866564486598e-05	-1.281700953082931e-05	0.000000000000000e+00
4.656190074621927e-05	-1.218759217363293e-05	0.000000000000000e+00
5.148071923180186e-05	-1.354478063121487e-05	0.000000000000000e+00
4.996511634462659e-05	-1.206744085846582e-05	0.000000000000000e+00
4.825899186147566e-05	-1.833685747781481e-05	0.000000000000000e+00
5.176337254473266e-05	-1.837263809832353e-05	0.000000000000000e+00
4.998463488983689e-05	-1.423583195444011e-05	0.000000000000000e+00
5.371159682803907e-05	-1.127288782900400e-05	0.000000000000000e+00
5.349745572465236e-05	-1.868318439219696e-05	0.000000000000000e+00
4.651137810859476e-05	-1.866122081561588e-05	0.000000000000000e+00
5.356310064723304e-05	-2.380393312987880e-06	0.000000000000000e+00
5.166556909422754e-05	-4.171536390909000e-07	0.000000000000000e+00
5.062922272531143e-05	-5.250538300661972e-06	0.000000000000000e+00
4.780768176844617e-05	-8.325342154073365e-06	0.000000000000000e+00
5.335167043817764e-05	-7.168463917940287e-06	0.000000000000000e+00
5.152687882596858e-05	-7.438164865835557e-07	0.000000000000000e+00
4.975156287681069e-05	-4.728283199404419e-07	0.000000000000000e+00
5.246731925354208e-05	-3.360969081186571e-06	0.000000000000000e+00
5.116893835989662e-05	-4.062634416070506e-07	0.000000000000000e+00
4.950667501204021e-05	-3.463224116010076e-07	0.000000000000000e+00
5.076243831781864e-05	-4.198638099996966e-07	0.000000000000000e+00
4.913006440424581e-05	-6.183536099510460e-07	0.000000000000000e+00
4.995997269833353e-05	-3.044616048846139e-06	0.000000000000000e+00
5.139972301062269e-05	-3.000504482379177e-07	0.000000000000000e+00
4.552010252911434e-05	-1.338943512389167e-07	0.000000000000000e+00
5.278990494709207e-05	-2.443095488586846e-07	0.000000000000000e+00
4.714893425805546e-05	-5.494345115897115e-06	0.000000000000000e+00
5.258026489000373e-05	-5.134668434223387e-06	0.000000000000000e+00
4.794813461797526e-05	-2.293749529293994e-07	0.000000000000000e+00
5.462891811433135e-05	-8.170747303287712e-08	0.000000000000000e+00
5.135270979306979e-05	-6.685954300091010e-06	0.000000000000000e+00
5.165482875196496e-05	-9.425921356682687e-08	0.000000000000000e+00
4.984889287335742e-05	-8.077829520923033e-06	0.000000000000000e+00
5.291305896806178e-05	-1.270081423955516e-06	0.000000000000000e+00
4.624616425589431e-05	-2.042941525306074e-07	0.000000000000000e+00
4.515607548566963e-05	-7.971699284623206e-08	0.000000000000000e+00
5.214970703956791e-05	-8.420979421085639e-06	0.000000000000000e+00
4.606230478128157e-05	-8.938808047202853e-08	0.000000000000000e+00
5.344555424766472e-05	-1.714156477790000e-07	0.000000000000000e+00
4.685695208845788e-05	-1.958228463480404e-07	0.000000000000000e+00
5.307423330864358e-05	-2.213469809463899e-07	0.000000000000000e+00
4.784140664267739e-05	-8.721798109566512e-08	0.000000000000000e+00
5.234615236588364e-05	-1.041759014446636e-07	0.000000000000000e+00
5.339678332093802e-05	-8.564204287179764e-08	0.000000000000000e+00
5.318841880544835e-05	-7.985956365113287e-08	0.000000000000000e+00
5.131219998562686e-05	-2.810705710603337e-07	0.000000000000000e+00
5.064907773428819e-05	-2.261965015614301e-07	0.000000000000000e+00
4.988109653185450e-05	-2.241523752988521e-07	0.000000000000000e+00
5.044911920651013e-05	-2.710390065143948e-07	0.000000000000000e+00
5.030208936954351e-05	-1.739323021198788e-07	0.000000000000000e+00
5.008261723145709e-05	-2.149365495157729e-07	0.000000000000000e+00
4.709982546304506e-05	-2.540491855503720e-07	0.000000000000000e+00
5.174571028620021e-05	-1.830187241279099e-07	0.000000000000000e+00
5.109894103958589e-05	-1.734776977450310e-07	0.000000000000000e+00
5.107362610853720e-05	-5.657472086879970e-07	0.000000000000000e+00
5.021280758209681e-05	-1.441662232888221e-07	0.000000000000000e+00
5.375647627898022e-05	-9.895665105416513e-08	0.000000000000000e+00
4.915379763818377e-05	-2.786724668177363e-07	0.000000000000000e+00
4.970588249909382e-05	-1.689885672642075e-07	0.000000000000000e+00
5.257633275160349e-05	-1.256837308430862e-07	0.000000000000000e+00
4.752952019862477e-05	-9.661282269518421e-07	0.000000000000000e+00
4.858971070713281e-05	-3.561252258775708e-07	0.000000000000000e+00
5.329698293274385e-05	-7.062376562911492e-08	0.000000000000000e+00
4.776410991285694e-05	-2.209222823545351e-07	0.000000000000000e+00
5.135290215138559e-05	-4.365424338106819e-07	0.000000000000000e+00
4.827595884276235e-05	-1.882809576805772e-07	0.000000000000000e+00
5.085858252225648e-05	-1.828878489389502e-07	0.000000000000000e+00
4.992072706861287e-05	-4.169696555428115e-06	0.000000000000000e+00
4.830075217443465e-05	-5.081445398284936e-07	0.000000000000000e+00
4.657643583595567e-05	-9.628478465616334e-08	0.000000000000000e+00
4.892755369520863e-05	-7.399346671145113e-08	0.000000000000000e+00
4.872894714212667e-05	-8.971487291265218e-08	0.000000000000000e+00
4.546636805904588e-05	-8.264527196698315e-08	0.000000000000000e+00
4.907780573917896e-05	-1.022537693689693e-07	0.000000000000000e+00
4.951620235668259e-05	-6.393151790431493e-07	0.000000000000000e+00
5.198975861712985e-05	-8.975166493488905e-07	0.000000000000000e+00
4.542516475510126e-05	-1.848633692872099e-07	0.000000000000000e+00
4.879739193461560e-05	-2.558189888416095e-07	0.000000000000000e+00
5.174784174039324e-05	-7.464529639863920e-08	0.000000000000000e+00
5.188409355531636e-05	-3.235096693514166e-07	0.000000000000000e+00
5.095415792308790e-05	-3.638949342323652e-07	0.000000000000000e+00
4.814877813591402e-05	-8.702492914745430e-08	0.000000000000000e+00
4.805899531980224e-05	-2.481293463527484e-07	0.000000000000000e+00
5.094513081203749e-05	-1.011290736925318e-06	0.000000000000000e+00
4.614396604282031e-05	-1.615201225466252e-07	0.000000000000000e+00
4.844514158459466e-05	-7.475436238060643e-08	0.000000000000000e+00
4.846164245620737e-05	-1.612918004399789e-07	0.000000000000000e+00
5.454079996789005e-05	-1.557692152608296e-07	0.000000000000000e+00
5.146090606194177e-05	-1.036324605383028e-07	0.000000000000000e+00
4.794569422836538e-05	-1.100547861819951e-07	0.000000000000000e+00
5.156715383905074e-05	-1.598041580112429e-07	0.000000000000000e+00
4.853698446995525e-05	-8.721616324539934e-08	0.000000000000000e+00
4.995121072884129e-05	-5.589321302969017e-07	0.000000000000000e+00
4.561044796358855e-05	-1.418851299785507e-07	0.000000000000000e+00
5.285428857930634e-05	-1.080537333094900e-07	0.000000000000000e+00
5.148846748930916e-05	-3.460653593901357e-07	0.000000000000000e+00
4.529942302173961e-05	-1.996503280776981e-07	0.000000000000000e+00
5.149497253284621e-05	-1.244209579199648e-06	0.000000000000000e+00
4.858840027980546e-05	-2.790368576571770e-07	0.000000000000000e+00
5.168447784701691e-05	-2.812815160730559e-07	0.000000000000000e+00
5.147425004795972e-05	-2.249083687486772e-07	0.000000000000000e+00
5.176381607797024e-05	-3.070577779692200e-07	0.000000000000000e+00
4.877481923691236e-05	-5.022352364373957e-06	0.000000000000000e+00
5.434581600766402e-05	-9.701699391393313e-08	0.000000000000000e+00
5.375612860523419e-05	-4.135203956535544e-06	0.000000000000000e+00
4.535803883745710e-05	-9.265175791423054e-08	0.000000000000000e+00
5.274813834347461e-05	-1.027647283896961e-07	0.000000000000000e+00
5.158662946058104e-05	-2.720895336282529e-07	0.000000000000000e+00
5.056383757788566e-05	-5.575651075023025e-07	0.000000000000000e+00
4.835289619247869e-05	-1.061112353698491e-07	0.000000000000000e+00
5.372036637644948e-05	-8.701871959960230e-06	0.000000000000000e+00
5.363133793573208e-05	-1.150592362618548e-07	0.000000000000000e+00
4.591671044309633e-05	-3.927254679636680e-07	0.000000000000000e+00
4.766702435582956e-05	-2.576316375978686e-07	0.000000000000000e+00
5.221694214407998e-05	-2.198449998789077e-07	0.000000000000000e+00
5.062957225802540e-05	-3.155814952827451e-07	0.000000000000000e+00
4.581568665635261e-05	-1.413727536327978e-07	0.000000000000000e+00
5.247298198416458e-05	-1.025597755517532e-07	0.000000000000000e+00
5.324802688056233e-05	-3.691964363424608e-07	0.000000000000000e+00
5.120949373041704e-05	-2.261604682466477e-07	0.000000000000000e+00
5.242088692310122e-05	-1.985832111155414e-07	0.000000000000000e+00
4.690751049454594e-05	-2.606456987334559e-07	0.000000000000000e+00
5.051965780624344e-05	-3.504054426329582e-07	0.000000000000000e+00
5.096398328142755e-05	-1.747961275483819e-07	0.000000000000000e+00
5.091682781218916e-05	-2.618238465417832e-07	0.000000000000000e+00
4.751986698888108e-05	-1.049455287545415e-07	0.000000000000000e+00
5.303691810728541e-05	-7.164481350066856e-08	0.000000000000000e+00
4.925622073709234e-05	-1.340158503036989e-07	0.000000000000000e+00
5.122445178156775e-05	-1.322530089987968e-07	0.000000000000000e+00
5.219439198440526e-05	-1.056321755847848e-07	0.000000000000000e+00
5.113328455133242e-05	-2.850268574261454e-07	0.000000000000000e+00
5.102011579356526e-05	-2.594681626473787e-07	0.000000000000000e+00
5.252813393157650e-05	-2.045795849771241e-07	0.000000000000000e+00
4.669256569692955e-05	-2.704698161940317e-07	0.000000000000000e+00
4.731944357347118e-05	-1.933130688656356e-07	0.000000000000000e+00
5.005353797087401e-05	-3.162329821179087e-07	0.000000000000000e+00
4.992503980513783e-05	-1.097700838767662e-07	0.000000000000000e+00
4.900621072889232e-05	-1.792019499584193e-07	0.000000000000000e+00
5.228152889889567e-05	-2.989777417239308e-07	0.000000000000000e+00
4.978423955923243e-05	-2.531811574865818e-07	0.000000000000000e+00
5.054359195065913e-05	-2.557408532667667e-07	0.000000000000000e+00
4.993360210412019e-05	-3.003338262886190e-07	0.000000000000000e+00
5.005833915124613e-05	-1.142140588034754e-07	0.000000000000000e+00
4.703856879137724e-05	-8.176266046698201e-08	0.000000000000000e+00
5.324489863255455e-05	-1.528955453316359e-07	0.000000000000000e+00
4.898817502543800e-05	-1.053201098181209e-07	0.000000000000000e+00
4.805094510577963e-05	-8.234116184324139e-08	0.000000000000000e+00
5.075878784323211e-05	-2.037196385091252e-07	0.000000000000000e+00
5.231914423319496e-05	-2.084885741773349e-07	0.000000000000000e+00
4.883737810408011e-05	-8.352522959435370e-08	0.000000000000000e+00
4.649992764562833e-05	-9.842716629333215e-08	0.000000000000000e+00
5.292215237597995e-05	-1.907191719335396e-07	0.000000000000000e+00
5.212645246205400e-05	-1.624093850077870e-07	0.000000000000000e+00
5.219911784125420e-05	-3.183533573056020e-07	0.000000000000000e+00
4.684777409864933e-05	-1.083653178337922e-07	0.000000000000000e+00
5.061840725121291e-05	-8.646503954000608e-08	0.000000000000000e+00
4.597209938743304e-05	-7.760184307658419e-08	0.000000000000000e+00
4.961316597734118e-05	-2.245963286903116e-07	0.000000000000000e+00
4.818636298607495e-05	-1.734268875198907e-07	0.000000000000000e+00
4.633486498010264e-05	-1.737231156888195e-07	0.000000000000000e+00
5.114191693602384e-05	-7.382395449432032e-08	0.000000000000000e+00
4.784951055460429e-05	-1.810339308717586e-07	0.000000000000000e+00
5.124615723940603e-05	-5.683661863281953e-08	0.000000000000000e+00
4.639872202492583e-05	-2.517115080882290e-07	0.000000000000000e+00
5.106791727514132e-05	-3.740443333125614e-07	0.000000000000000e+00
4.970258747060165e-05	-3.043719279085537e-07	0.000000000000000e+00
4.933911197894587e-05	-1.741535898821145e-07	0.000000000000000e+00
5.312022167540984e-05	-1.289153094781971e-07	0.000000000000000e+00
5.137822079940408e-05	-1.971864330339595e-07	0.000000000000000e+00
4.725143786612836e-05	-1.090849930256114e-07	0.000000000000000e+00
5.129426279180192e-05	-1.836588766753228e-07	0.000000000000000e+00
5.194703904628722e-05	-1.939011042294598e-07	0.000000000000000e+00
4.868883801359085e-05	-1.977258904121339e-07	0.000000000000000e+00
5.483375421513528e-05	-9.483684946144507e-08	0.000000000000000e+00
5.264818152342972e-05	-1.896031104111121e-07	0.000000000000000e+00
4.831533025750978e-05	-2.791320664718053e-07	0.000000000000000e+00
4.777434019410249e-05	-1.475607453693141e-07	0.000000000000000e+00
5.015978387813071e-05	-8.006593397396128e-08	0.000000000000000e+00
4.985797159983750e-05	-2.992034438832129e-07	0.000000000000000e+00
4.953414174215767e-05	-2.002817515151005e-07	0.000000000000000e+00
4.917680718491691e-05	-7.688821800918213e-08	0.000000000000000e+00
4.643770746538506e-05	-1.536044287174448e-07	0.000000000000000e+00
4.909316892986491e-05	-1.943026028274648e-07	0.000000000000000e+00
5.068035119058748e-05	-7.089433404622938e-07	0.000000000000000e+00
4.720037233405677e-05	-2.044132155003301e-07	0.000000000000000e+00
5.081645706823493e-05	-2.797836240828488e-07	0.000000000000000e+00
5.071949621876863e-05	-2.911881583583076e-07	0.000000000000000e+00
5.025679851864237e-05	-8.384204030091440e-08	0.000000000000000e+00
5.263766533762948e-05	-7.736792807880175e-08	0.000000000000000e+00
5.040198248449461e-05	-5.880722308049722e-07	0.000000000000000e+00
4.974879917607678e-05	-7.762875085186328e-08	0.000000000000000e+00
5.183266032116027e-05	-2.394331111532660e-07	0.000000000000000e+00
4.649674414923734e-05	-2.580895465663305e-07	0.000000000000000e+00
4.863731513595447e-05	-9.389053972956452e-08	0.000000000000000e+00
4.667387307764339e-05	-9.885321053031595e-08	0.000000000000000e+00
4.934433200705255e-05	-4.775593099023354e-07	0.000000000000000e+00
4.999373916094374e-05	-2.129754276850157e-07	0.000000000000000e+00
5.014719398305356e-05	-1.817504165728115e-07	0.000000000000000e+00
5.333983792745442e-05	-1.691413770976063e-07	0.000000000000000e+00
4.889641860716093e-05	-1.774758902944821e-07	0.000000000000000e+00
5.081145642105810e-05	-9.247711353139382e-08	0.000000000000000e+00
5.025082517539781e-05	-2.340605626410794e-07	0.000000000000000e+00
5.164433844920478e-05	-1.948278201574766e-07	0.000000000000000e+00
4.878768148364757e-05	-1.546733765453103e-07	0.000000000000000e+00
4.822152186795416e-05	-2.551880007660738e-07	0.000000000000000e+00
4.839216743163688e-05	-2.135407976397666e-07	0.000000000000000e+00
5.132796079827214e-05	-9.600976770172061e-08	0.000000000000000e+00
5.037140468086859e-05	-9.696708817463230e-07	0.000000000000000e+00
4.714682667490162e-05	-3.592320629895209e-07	0.000000000000000e+00
5.015482938740577e-05	-5.856748220478753e-07	0.000000000000000e+00
4.851588164074144e-05	-3.651328517066884e-07	0.000000000000000e+00
5.034647173873240e-05	-2.918109588226764e-07	0.000000000000000e+00
5.123536375573171e-05	-3.270127544301719e-07	0.000000000000000e+00
5.194358055071683e-05	-9.066673535211703e-08	0.000000000000000e+00
5.466029249980965e-05	-1.693553969199274e-07	0.000000000000000e+00
5.255739601467951e-05	-6.112228689472822e-08	0.000000000000000e+00
5.350410738446255e-05	-7.443104508295468e-08	0.000000000000000e+00
4.555717049145078e-05	-7.074652372979802e-08	0.000000000000000e+00
5.184697935168577e-05	-1.163311959673021e-07	0.000000000000000e+00
5.393618720736875e-05	-6.871971550409455e-08	0.000000000000000e+00
4.810198957129127e-05	-1.600019893390898e-07	0.000000000000000e+00
4.615429073146416e-05	-8.070596703049842e-08	0.000000000000000e+00
4.802610112722965e-05	-1.505034867224219e-07	0.000000000000000e+00
5.015816724410899e-05	-2.923861374222356e-07	0.000000000000000e+00
4.567248500982263e-05	-2.289644154250698e-07	0.000000000000000e+00
4.694892859612386e-05	-8.527357790906674e-08	0.000000000000000e+00
4.664561806823601e-05	-7.788108599999612e-07	0.000000000000000e+00
4.735410726075890e-05	-8.966272607108618e-08	0.000000000000000e+00
4.785014394267913e-05	-3.673862606164366e-07	0.000000000000000e+00
5.394942843217832e-05	-1.535438947196932e-07	0.000000000000000e+00
4.574825706734551e-05	-7.043015198262658e-08	0.000000000000000e+00
4.741347927197682e-05	-1.603517768595925e-07	0.000000000000000e+00
4.758497400788193e-05	-1.783761841528547e-07	0.000000000000000e+00
5.054014571850466e-05	-8.217465912962532e-08	0.000000000000000e+00
4.590740190384930e-05	-1.105575273422330e-07	0.000000000000000e+00
4.571597080195811e-05	-1.519429762996721e-07	0.000000000000000e+00
5.452005012469240e-05	-3.059103036745173e-07	0.000000000000000e+00
5.212569730417995e-05	-2.522254329921022e-07	0.000000000000000e+00
4.749693581395777e-05	-3.798463457950471e-07	0.000000000000000e+00
4.654355030676007e-05	-1.795264423261093e-07	0.000000000000000e+00
4.703619492991474e-05	-1.595732068433527e-07	0.000000000000000e+00
4.693260708802776e-05	-1.731036722757280e-07	0.000000000000000e+00
4.739678611996475e-05	-3.397742000566706e-07	0.000000000000000e+00
4.765650708239066e-05	-3.608771583656971e-07	0.000000000000000e+00
4.659163744928584e-05	-2.686465652819378e-07	0.000000000000000e+00
4.768707110930621e-05	-1.554108962761642e-07	0.000000000000000e+00
5.411834906878219e-05	-9.324565615376129e-08	0.000000000000000e+00
4.756219384824516e-05	-3.015658917068825e-07	0.000000000000000e+00
4.730084855466293e-05	-2.901116680179444e-07	0.000000000000000e+00
4.598310763421267e-05	-1.534054573337812e-07	0.000000000000000e+00
4.675640675037540e-05	-8.516782292880423e-08	0.000000000000000e+00
5.090319475606511e-05	-1.061074983216001e-07	0.000000000000000e+00
4.680528097374367e-05	-2.717850470021696e-07	0.000000000000000e+00
4.749318962192999e-05	-2.172934536203563e-07	0.000000000000000e+00
5.047436675955313e-05	-4.545506905757381e-07	0.000000000000000e+00
5.037073569497777e-05	-9.616952396682503e-08	0.000000000000000e+00
5.254837639211553e-05	-3.227858979059144e-07	0.000000000000000e+00
4.740544079521479e-05	-2.530127823395474e-07	0.000000000000000e+00
5.295740136594435e-05	-8.756162643235326e-08	0.000000000000000e+00
4.824294374684962e-05	-9.095279100584591e-08	0.000000000000000e+00
5.069545330156493e-05	-1.185814999899479e-07	0.000000000000000e+00
5.264954918531887e-05	-2.912969709994949e-07	0.000000000000000e+00
4.785726673685572e-05	-2.792836965738927e-07	0.000000000000000e+00
5.204113291018921e-05	-1.031624281100227e-07	0.000000000000000e+00
4.553982509565440e-05	-2.327180687970205e-07	0.000000000000000e+00
5.057866265565226e-05	-1.645490403064112e-07	0.000000000000000e+00
4.664461142756063e-05	-1.858472018999651e-07	0.000000000000000e+00
4.986730408792400e-05	-3.755490149244041e-07	0.000000000000000e+00
4.625071633107912e-05	-1.020923901777764e-07	0.000000000000000e+00
4.713338596043136e-05	-1.053054148746472e-07	0.000000000000000e+00
4.981598133816663e-05	-1.526210782840203e-07	0.000000000000000e+00
5.059261997052394e-05	-4.213827046381558e-07	0.000000000000000e+00
5.302154081243458e-05	-1.534413573249046e-07	0.000000000000000e+00
5.213020513055599e-05	-7.937076625342239e-08	0.000000000000000e+00
5.219074194403038e-05	-6.554872569240842e-07	0.000000000000000e+00
5.406911761210141e-05	-1.865365656565719e-07	0.000000000000000e+00
4.978904873198943e-05	-3.368588361816061e-07	0.000000000000000e+00
4.943320162252879e-05	-1.955661373290927e-07	0.000000000000000e+00
4.947923834571016e-05	-1.019312002433589e-07	0.000000000000000e+00
5.226109910484368e-05	-1.405218240608911e-07	0.000000000000000e+00
4.564906470426542e-05	-7.034958834956624e-08	0.000000000000000e+00
4.888668707805310e-05	-2.799466784006682e-07	0.000000000000000e+00
5.047942584764580e-05	-1.605327845585879e-07	0.000000000000000e+00
5.201592199004398e-05	-3.042842874871494e-07	0.000000000000000e+00
4.773943734376850e-05	-7.682791508938720e-08	0.000000000000000e+00
5.115980262653197e-05	-3.739887359704113e-06	0.000000000000000e+00
4.675190597204866e-05	-1.727383064449719e-07	0.000000000000000e+00
5.086247028033266e-05	-3.313415537141734e-07	0.000000000000000e+00
5.432727118365016e-05	-3.232951041612568e-07	0.000000000000000e+00
5.423190490211437e-05	-2.749298490764684e-07	0.000000000000000e+00
5.441760247175226e-05	-1.874027223380418e-07	0.000000000000000e+00
5.414133049973527e-05	-2.514823326018105e-07	0.000000000000000e+00
4.810710903899327e-05	-6.078366604063938e-07	0.000000000000000e+00
4.635475998418435e-05	-4.131285217933507e-07	0.000000000000000e+00
4.674468086262785e-05	-5.812325952801248e-07	0.000000000000000e+00
5.234750678308744e-05	-3.565639546243524e-07	0.000000000000000e+00
4.874897715967823e-05	-4.078749484478660e-07	0.000000000000000e+00
4.634337384854982e-05	-3.258734249308844e-07	0.000000000000000e+00
4.967174109991801e-05	-6.335349862304640e-08	0.000000000000000e+00
5.101543371615749e-05	-7.545789687276190e-08	0.000000000000000e+00
4.636113297306187e-05	-8.075382348948285e-08	0.000000000000000e+00
4.983801984471283e-05	-6.973218846093380e-08	0.000000000000000e+00
4.509189673141910e-05	-1.601474623693928e-07	0.000000000000000e+00
5.338611161756658e-05	-2.770363870222028e-07	0.000000000000000e+00
5.085937438229292e-05	-2.506885475929189e-06	0.000000000000000e+00
4.643975361681505e-05	-6.655708370005194e-08	0.000000000000000e+00
5.075172743065575e-05	-5.276465338033544e-08	0.000000000000000e+00
4.609538274122580e-05	-2.568907229264402e-07	0.000000000000000e+00
5.042860422881988e-05	-3.582125668173319e-07	0.000000000000000e+00
5.444716552809208e-05	-9.360579830556056e-08	0.000000000000000e+00
5.491932561751865e-05	-2.717932991381725e-07	0.000000000000000e+00
5.402461516466148e-05	-8.279360740993465e-08	0.000000000000000e+00
4.573171036268956e-05	-3.294980633686509e-07	0.000000000000000e+00
5.472935053439513e-05	-8.608264952167661e-08	0.000000000000000e+00
4.862972338233514e-05	-6.394761274550571e-07	0.000000000000000e+00
4.999680302139400e-05	-1.439710903961582e-06	0.000000000000000e+00
5.155657773059150e-05	-7.153916642327451e-08	0.000000000000000e+00
5.226032869102652e-05	-7.006598021806790e-08	0.000000000000000e+00
4.808262936211810e-05	-3.487327308972502e-07	0.000000000000000e+00
4.848848283525538e-05	-2.427242556098065e-07	0.000000000000000e+00
5.292368921100144e-05	-3.009031350444503e-07	0.000000000000000e+00
4.869926428714614e-05	-3.252186129453739e-07	0.000000000000000e+00
4.506761639465387e-05	-7.045404018272968e-08	0.000000000000000e+00
4.940151410848186e-05	-1.143899221221724e-07	0.000000000000000e+00
4.583182691854598e-05	-7.128403374571905e-08	0.000000000000000e+00
5.458837535919867e-05	-2.479584181128320e-07	0.000000000000000e+00
4.624663482173848e-05	-3.188794058573261e-07	0.000000000000000e+00
5.238031512699578e-05	-4.329229062341094e-07	0.000000000000000e+00
5.045806145222566e-05	-6.777539353100765e-08	0.000000000000000e+00
5.453798038547427e-05	-7.190807850064178e-08	0.000000000000000e+00
5.244270495573822e-05	-3.667129203703814e-07	0.000000000000000e+00
5.238574823758923e-05	-2.893813626715851e-07	0.000000000000000e+00
4.999883853471447e-05	-2.132811041386671e-06	0.000000000000000e+00
5.385905106554117e-05	-7.598253502313672e-08	0.000000000000000e+00
4.578278900851243e-05	-2.192503442741099e-07	0.000000000000000e+00
4.932718025297737e-05	-8.495146432508606e-08	0.000000000000000e+00
5.353949248395867e-05	-1.654796735328740e-07	0.000000000000000e+00
4.589169373186384e-05	-1.914546276601838e-07	0.000000000000000e+00
4.657586400394129e-05	-7.088297438661683e-06	0.000000000000000e+00
5.367531447854939e-05	-2.966153038921763e-07	0.000000000000000e+00
4.743326649355631e-05	-7.587749204560864e-08	0.000000000000000e+00
4.883568033601023e-05	-3.646609135739601e-07	0.000000000000000e+00
5.429648383853659e-05	-1.785851384186319e-07	0.000000000000000e+00
5.328903356807631e-05	-4.407353336750578e-07	0.000000000000000e+00
5.350714465814283e-05	-2.716605255441161e-07	0.000000000000000e+00
4.924996051140070e-05	-6.160042048406820e-08	0.000000000000000e+00
4.923672453880743e-05	-1.684074976123076e-06	0.000000000000000e+00
4.631828356544623e-05	-2.627717330850336e-07	0.000000000000000e+00
5.038916779334637e-05	-2.011129666891954e-07	0.000000000000000e+00
5.417740593424794e-05	-1.706319029214594e-07	0.000000000000000e+00
5.423876299165777e-05	-9.066632887385010e-08	0.000000000000000e+00
5.492375299810159e-05	-7.355068968854308e-08	0.000000000000000e+00
4.618629120715159e-05	-2.532806234699727e-07	0.000000000000000e+00
4.958630995203155e-05	-1.084501923337178e-07	0.000000000000000e+00
5.246588314800525e-05	-2.711119335216214e-07	0.000000000000000e+00
5.371276896181636e-05	-2.022390880979769e-07	0.000000000000000e+00
5.074922188116761e-05	-1.592133070603503e-06	0.000000000000000e+00
4.849582056891549e-05	-2.290103202512351e-06	0.000000000000000e+00
4.509091605532880e-05	-3.207726160941529e-07	0.000000000000000e+00
5.482577410692122e-05	-1.919584888789907e-07	0.000000000000000e+00
5.389194410120888e-05	-6.254966849018395e-07	0.000000000000000e+00
4.799327600208577e-05	-4.870727655284778e-07	0.000000000000000e+00
5.361883015718642e-05	-3.445865293027423e-07	0.000000000000000e+00
4.856781978747187e-05	-1.795869950048706e-07	0.000000000000000e+00
4.518400081418509e-05	-1.743050013961086e-07	0.000000000000000e+00
4.614959276754693e-05	-3.492106243373895e-07	0.000000000000000e+00
5.317317016153889e-05	-2.214220013412154e-07	0.000000000000000e+00
5.424859648554178e-05	-3.615785495262748e-07	0.000000000000000e+00
4.700946547007458e-05	-2.550935969915375e-07	0.000000000000000e+00
5.491335022461701e-05	-1.640637636561564e-07	0.000000000000000e+00
4.733952282100025e-05	-1.454223559415978e-06	0.000000000000000e+00
4.826694872800986e-05	-6.744009767202225e-06	0.000000000000000e+00
5.327659348335389e-05	-2.369225672328137e-07	0.000000000000000e+00
4.789626005953291e-05	-8.826315153788890e-07	0.000000000000000e+00
4.895731981255360e-05	-4.485810371503243e-07	0.000000000000000e+00
5.358675457221068e-05	-5.519669068212523e-07	0.000000000000000e+00
4.627426086770454e-05	-4.895358672482995e-07	0.000000000000000e+00
5.306447976487852e-05	-4.889852394629158e-07	0.000000000000000e+00
5.431283450040069e-05	-4.306865507319111e-07	0.000000000000000e+00
5.481483741068938e-05	-2.756172759625694e-07	0.000000000000000e+00
4.763855824163962e-05	-8.592675404549127e-08	0.000000000000000e+00
4.747210972227598e-05	-4.014112574282268e-06	0.000000000000000e+00
5.384102540551045e-05	-2.039731673720867e-07	0.000000000000000e+00
4.506190863298054e-05	-2.448724662270178e-07	0.000000000000000e+00
4.758910966866858e-05	-4.101130581780152e-07	0.000000000000000e+00
5.360726084180037e-05	-2.254694885886694e-07	0.000000000000000e+00
5.475245687509902e-05	-3.748534892236270e-07	0.000000000000000e+00
5.442792183156902e-05	-4.771705115824501e-07	0.000000000000000e+00
4.685256199706184e-05	-5.099804276880357e-07	0.000000000000000e+00
4.743961824351784e-05	-4.339805227918227e-07	0.000000000000000e+00
5.475121555702838e-05	-1.780915376055132e-07	0.000000000000000e+00
4.724611734615282e-05	-7.095068214603340e-07	0.000000000000000e+00
5.274525429240730e-05	-4.710817869173210e-07	0.000000000000000e+00
5.389705727428355e-05	-2.756795962378570e-07	0.000000000000000e+00
4.627670915447749e-05	-8.644802589251142e-06	0.000000000000000e+00
5.264484724701421e-05	-5.619362916514000e-07	0.000000000000000e+00
5.442437404616490e-05	-2.920763923506764e-07	0.000000000000000e+00
4.644068258259148e-05	-5.075858759806301e-07	0.000000000000000e+00
5.263626388754006e-05	-4.153486113501002e-07	0.000000000000000e+00
4.611906066349068e-05	-4.622918064394713e-07	0.000000000000000e+00
5.461474771110355e-05	-3.520237933415247e-07	0.000000000000000e+00
5.306608753804510e-05	-3.835456083650550e-07	0.000000000000000e+00
5.325965840913789e-05	-6.568592323785577e-07	0.000000000000000e+00
5.317842783781343e-05	-4.235152207888808e-07	0.000000000000000e+00
4.555155125249447e-05	-4.058177416641843e-07	0.000000000000000e+00
5.378412068605821e-05	-1.051833818615152e-06	0.000000000000000e+00
5.286752769814732e-05	-6.244423173351134e-07	0.000000000000000e+00
5.302470785607651e-05	-3.073623958434934e-07	0.000000000000000e+00
4.561508645197199e-05	-3.412490659087720e-07	0.000000000000000e+00
4.626599740354220e-05	-1.245234594663837e-06	0.000000000000000e+00
4.585502901904142e-05	-6.177839501739737e-07	0.000000000000000e+00
5.025203025133961e-05	-3.362603431679965e-07	0.000000000000000e+00
5.022407842874418e-05	-4.358539475812604e-07	0.000000000000000e+00
5.002394967437902e-05	-4.443686367035206e-07	0.000000000000000e+00
5.339006961142732e-05	-4.856964305311681e-07	0.000000000000000e+00
4.532172512201682e-05	-3.162964605121317e-07	0.000000000000000e+00
5.299326471282721e-05	-2.347546082185556e-07	0.000000000000000e+00
4.569295354632245e-05	-4.075766230341666e-07	0.000000000000000e+00
5.405141617289952e-05	-4.104797142495855e-07	0.000000000000000e+00
4.796118099025614e-05	-3.714234949649099e-07	0.000000000000000e+00
4.719457357374846e-05	-2.848897547919657e-07	0.000000000000000e+00
4.697208830192117e-05	-7.331884055482289e-07	0.000000000000000e+00
5.354675222288224e-05	-4.013241878787900e-07	0.000000000000000e+00
5.469698756882144e-05	-2.663166518609990e-07	0.000000000000000e+00
4.747413247186039e-05	-2.961245392392137e-07	0.000000000000000e+00
5.382268075483714e-05	-3.924047776558456e-07	0.000000000000000e+00
5.028207400083376e-05	-5.034606946461217e-07	0.000000000000000e+00
5.415911269897670e-05	-3.520023001208381e-07	0.000000000000000e+00
5.450120528239683e-05	-3.874706015273529e-07	0.000000000000000e+00
4.814362566300222e-05	-2.277257880703923e-07	0.000000000000000e+00
4.725197056917921e-05	-3.564969874601881e-07	0.000000000000000e+00
4.525027279165656e-05	-9.160483587143240e-08	0.000000000000000e+00
4.615158362707821e-05	-5.727989461668954e-07	0.000000000000000e+00
4.733699467579711e-05	-4.017040784309122e-07	0.000000000000000e+00
5.247979495029753e-05	-8.054038550766252e-07	0.000000000000000e+00
5.259107787447050e-05	-2.494002682731395e-07	0.000000000000000e+00
4.606128482504043e-05	-1.803189737763693e-07	0.000000000000000e+00
4.707756832778830e-05	-4.615795929449679e-07	0.000000000000000e+00
5.463959505147096e-05	-5.441657487942028e-07	0.000000000000000e+00
5.233431298210072e-05	-5.503499370223282e-07	0.000000000000000e+00
4.705637214155661e-05	-3.313785511235106e-07	0.000000000000000e+00
4.852972194111604e-05	-5.122796235263125e-07	0.000000000000000e+00
5.227666400272229e-05	-4.053878209081343e-07	0.000000000000000e+00
4.543677343682827e-05	-5.260961364906687e-07	0.000000000000000e+00
4.627923323893908e-05	-6.913506343404057e-07	0.000000000000000e+00
4.839457167792113e-05	-5.068551866476069e-07	0.000000000000000e+00
5.249523079168601e-05	-4.936372028015513e-07	0.000000000000000e+00
5.406813939095064e-05	-4.887970603876863e-07	0.000000000000000e+00
4.841698112946773e-05	-3.204098228903782e-07	0.000000000000000e+00
5.218305886769230e-05	-5.093598452951669e-07	0.000000000000000e+00
4.517521044929415e-05	-5.159322805944389e-07	0.000000000000000e+00
4.704553982798678e-05	-5.845520677785534e-07	0.000000000000000e+00
5.209748473073256e-05	-3.623846790763181e-07	0.000000000000000e+00
4.628859364369074e-05	-3.917188627118105e-07	0.000000000000000e+00
5.420136259342789e-05	-4.502959622402725e-07	0.000000000000000e+00
4.614435250115555e-05	-4.258810834376997e-06	0.000000000000000e+00
4.724364706529340e-05	-4.700751474230461e-07	0.000000000000000e+00
5.381772345261025e-05	-2.994713349696997e-07	0.000000000000000e+00
4.736948810143363e-05	-5.091878193429640e-07	0.000000000000000e+00
4.874627585763186e-05	-5.099527400915414e-07	0.000000000000000e+00
5.336382110257508e-05	-3.821562248403017e-07	0.000000000000000e+00
4.564240440277286e-05	-4.491095472286009e-07	0.000000000000000e+00
5.196670757894356e-05	-5.149096082819278e-07	0.000000000000000e+00
4.574889883705531e-05	-4.361369368159498e-07	0.000000000000000e+00
4.511806783392443e-05	-2.412186467311905e-07	0.000000000000000e+00
4.711744467186198e-05	-1.808352556921755e-07	0.000000000000000e+00
4.652705128079258e-05	-3.491825912495592e-07	0.000000000000000e+00
4.543411980759767e-05	-3.066959244144950e-07	0.000000000000000e+00
4.866086981905327e-05	-4.042892440949073e-07	0.000000000000000e+00
4.989422499544673e-05	-8.384694359699689e-07	0.000000000000000e+00
5.375601104472946e-05	-2.931700545951793e-07	0.000000000000000e+00
5.034529313985483e-05	-4.211880137982071e-07	0.000000000000000e+00
4.674506119966649e-05	-3.581813758488451e-07	0.000000000000000e+00
4.878845560010336e-05	-3.372452246038773e-06	0.000000000000000e+00
5.237525849119493e-05	-2.178200210742724e-06	0.000000000000000e+00
4.582724223867241e-05	-3.838436529218883e-07	0.000000000000000e+00
4.838119822760676e-05	-7.185118503949669e-07	0.000000000000000e+00
5.429073976938578e-05	-6.637424689189996e-07	0.000000000000000e+00
4.904761116084680e-05	-1.107856837627050e-06	0.000000000000000e+00
4.551414744140877e-05	-3.556397732588336e-07	0.000000000000000e+00
4.904544577554644e-05	-2.668417055887729e-07	0.000000000000000e+00
4.873991552322985e-05	-7.855426779013359e-07	0.000000000000000e+00
5.205124874255087e-05	-2.031965275653042e-07	0.000000000000000e+00
4.847242452664037e-05	-1.330084908117161e-06	0.000000000000000e+00
4.925783348440712e-05	-2.181061672129048e-07	0.000000000000000e+00
4.834912762042784e-05	-3.979884052720707e-07	0.000000000000000e+00
5.165759336525471e-05	-2.715703381219940e-06	0.000000000000000e+00
5.211317593870699e-05	-1.364664416143418e-06	0.000000000000000e+00
5.013419778397581e-05	-4.052677660927811e-07	0.000000000000000e+00
4.917119132079886e-05	-1.672467789814648e-07	0.000000000000000e+00
4.924710192357962e-05	-3.261971798852310e-07	0.000000000000000e+00
4.895944287569895e-05	-2.478492781130356e-07	0.000000000000000e+00
4.977451867133218e-05	-6.356136850650440e-06	0.000000000000000e+00
4.815262316312003e-05	-3.897335160954978e-07	0.000000000000000e+00
4.995662023090438e-05	-3.775616154020807e-07	0.000000000000000e+00
4.935338806259689e-05	-2.700543620951929e-07	0.000000000000000e+00
5.154159943191056e-05	-1.933632688973071e-06	0.000000000000000e+00
5.450125764946512e-05	-2.401565007569522e-07	0.000000000000000e+00
4.926169740343671e-05	-2.469056534126486e-06	0.000000000000000e+00
4.823833434175409e-05	-3.703331697705798e-07	0.000000000000000e+00
4.947194029247381e-05	-1.049543078670483e-06	0.000000000000000e+00
5.214686058535047e-05	-4.206739613798676e-07	0.000000000000000e+00
5.273427326462706e-05	-3.514263943751277e-07	0.000000000000000e+00
4.991012951977188e-05	-4.458479434534698e-07	0.000000000000000e+00
4.817683053612943e-05	-4.716303682980252e-07	0.000000000000000e+00
5.284304372177363e-05	-4.026975919178026e-07	0.000000000000000e+00
5.433823082761877e-05	-2.525919022377898e-07	0.000000000000000e+00
4.915389754276976e-05	-3.996988601925300e-07	0.000000000000000e+00
4.906110111782697e-05	-4.299280464349814e-07	0.000000000000000e+00
4.924236004634551e-05	-4.363579293183898e-07	0.000000000000000e+00
4.933877141032296e-05	-3.712982385604313e-07	0.000000000000000e+00
4.907533885263378e-05	-3.421842490713712e-07	0.000000000000000e+00
4.897443083547473e-05	-3.399988440475877e-07	0.000000000000000e+00
4.520172054962373e-05	-2.739588184638003e-07	0.000000000000000e+00
4.697467501489700e-05	-3.475088547972554e-07	0.000000000000000e+00
4.662596479862086e-05	-3.511609649971954e-07	0.000000000000000e+00
4.695978828577782e-05	-5.502038023065580e-07	0.000000000000000e+00
4.537010817661383e-05	-2.518765205728837e-07	0.000000000000000e+00
5.330528273265044e-05	-3.332896285632060e-07	0.000000000000000e+00
5.311879583850464e-05	-3.092147261119730e-07	0.000000000000000e+00
4.776201051231196e-05	-3.459546918319866e-07	0.000000000000000e+00
5.440366679908803e-05	-3.850547192753841e-07	0.000000000000000e+00
5.321280503182818e-05	-3.083763616184124e-07	0.000000000000000e+00
5.296345588009785e-05	-4.265030229365393e-07	0.000000000000000e+00
4.686361186418522e-05	-3.730765208295066e-07	0.000000000000000e+00
5.019211842704215e-05	-3.674420485660684e-07	0.000000000000000e+00
5.401281888761680e-05	-3.041511885155622e-07	0.000000000000000e+00
5.396970923595396e-05	-2.296128613435352e-07	0.000000000000000e+00
5.391838590917264e-05	-2.244642475704123e-07	0.000000000000000e+00
4.642688897838023e-05	-3.509285781014974e-07	0.000000000000000e+00
4.589036152314777e-05	-3.393311855755690e-07	0.000000000000000e+00
4.765293261562580e-05	-2.816463686837074e-06	0.000000000000000e+00
4.641820944205663e-05	-2.674235600782833e-06	0.000000000000000e+00
4.695357966812913e-05	-4.543421223628411e-07	0.000000000000000e+00
4.596871387348073e-05	-2.883513169808603e-07	0.000000000000000e+00
4.657696565990170e-05	-4.801640791336707e-07	0.000000000000000e+00
4.677212211760328e-05	-4.410782446370208e-07	0.000000000000000e+00
5.346344229746746e-05	-3.949734437729719e-07	0.000000000000000e+00
4.668506878444270e-05	-4.984380199828030e-07	0.000000000000000e+00
4.767314029660759e-05	-4.474489100935787e-07	0.000000000000000e+00
4.807894151545047e-05	-4.460715893650924e-07	0.000000000000000e+00
5.364537849565340e-05	-4.209648539052177e-07	0.000000000000000e+00
4.783883751069531e-05	-4.940782645903267e-07	0.000000000000000e+00
4.756433635991013e-05	-5.814357205092022e-07	0.000000000000000e+00
4.844089699123504e-05	-4.239405606421318e-07	0.000000000000000e+00
4.773262385050138e-05	-4.120897562203973e-07	0.000000000000000e+00
4.859950581034083e-05	-4.220880477461953e-07	0.000000000000000e+00
4.700911902742051e-05	-5.126693963482301e-07	0.000000000000000e+00
5.412000771406369e-05	-4.253937592495956e-07	0.000000000000000e+00
4.814962161962514e-05	-3.066404253254237e-07	0.000000000000000e+00
4.621277287606864e-05	-4.108181366025179e-07	0.000000000000000e+00
4.601741491798032e-05	-3.945423148036337e-07	0.000000000000000e+00
4.584875178972779e-05	-2.919548651302103e-07	0.000000000000000e+00
end_coordinates

begin_region "bulk" "Silicon"
begin_nodes
0
1
2
3
4
5
10
11
12
13
14
15
16
17
18
19
20
21
22
23
24
25
26
27
28
29
30
31
32
33
34
35
36
37
38
39
40
41
42
43
44
45
46
47
48
49
50
51
52
53
54
55
56
57
58
59
60
61
62
63
64
65
66
67
68
69
70
71
72
73
74
75
76
77
78
79
80
81
82
83
84
85
86
87
88
89
90
91
92
93
94
95
96
97
98
99
100
101
102
103
104
105
106
107
108
109
110
111
112
113
114
115
116
117
118
119
120
121
122
123
124
125
126
127
128
129
130
131
132
133
134
135
136
137
138
139
140
141
142
143
144
145
146
147
148
149
150
151
152
153
154
155
156
157
158
159
160
161
162
163
164
165
166
167
168
169
170
171
172
173
174
175
176
177
178
179
180
181
182
183
184
185
186
187
188
189
190
191
192
193
194
195
196
197
198
199
200
201
202
203
204
205
206
207
208
209
210
211
212
213
214
215
216
217
218
219
220
221
222
223
224
225
226
227
228
229
230
231
232
233
234
235
236
237
238
239
240
241
242
243
244
276
277
278
279
280
281
282
283
284
285
286
287
288
289
290
291
292
293
294
295
296
297
298
299
300
301
302
303
304
305
306
307
308
309
310
311
312
313
314
315
316
317
318
319
320
321
322
323
324
325
326
327
328
329
330
331
332
333
334
335
336
337
338
339
340
341
342
343
344
345
346
347
348
349
350
351
352
353
354
355
356
357
358
359
360
361
362
363
364
365
366
367
368
369
370
371
372
373
374
375
376
377
378
379
380
381
382
383
384
385
386
387
388
389
390
391
392
393
394
395
396
397
398
399
400
401
402
403
404
405
406
407
408
409
410
411
412
413
414
415
416
417
418
419
420
421
422
423
424
425
426
427
428
429
430
431
432
433
434
435
436
437
438
439
440
441
442
443
444
445
446
447
448
449
450
451
452
453
454
455
456
457
458
459
460
461
462
463
464
465
466
467
468
469
470
471
472
473
474
475
476
477
478
479
480
481
482
483
484
485
486
487
488
489
490
491
492
493
494
495
496
497
498
499
500
501
502
503
504
505
506
507
508
509
510
511
512
513
514
515
516
517
518
519
520
521
522
523
524
525
526
527
528
529
530
531
532
533
534
535
536
537
538
539
540
541
542
543
544
545
546
547
548
549
550
551
552
553
554
555
556
557
558
559
560
561
562
563
564
565
566
567
568
569
570
571
572
573
574
575
576
577
578
579
580
581
582
583
584
585
586
587
588
589
590
591
592
593
594
595
596
597
598
599
600
601
602
603
604
605
606
607
608
609
610
611
612
613
614
615
616
617
618
619
620
621
622
623
624
625
626
627
628
629
630
631
632
633
634
635
636
637
638
639
640
641
642
643
644
645
646
647
648
649
650
651
652
653
654
655
656
657
658
659
660
661
662
663
664
665
666
667
668
669
670
671
672
673
674
675
676
677
678
679
680
681
682
683
684
685
686
687
688
689
690
691
692
693
694
695
696
697
698
699
700
701
702
703
704
705
706
707
708
709
710
711
712
713
714
715
716
717
718
719
720
721
722
723
724
725
726
727
728
729
730
731
732
733
734
735
736
737
738
739
740
741
742
743
744
745
746
747
748
749
750
751
752
753
754
755
756
757
758
759
760
761
762
763
764
765
766
767
768
769
770
771
772
773
774
775
776
777
778
779
780
781
782
783
784
785
786
787
788
789
790
791
792
793
794
795
796
797
798
799
800
801
802
803
804
805
806
807
808
809
810
811
812
813
814
815
816
817
818
819
820
821
822
823
824
825
826
827
828
829
830
831
832
833
834
835
836
837
838
839
840
841
842
843
844
845
846
847
848
849
850
851
852
853
854
855
856
857
858
859
860
861
862
863
864
865
866
867
868
869
870
871
872
873
874
875
876
877
878
879
880
881
882
883
884
885
886
887
888
889
890
891
892
893
894
895
896
897
898
899
900
901
902
903
904
905
906
907
908
909
910
911
912
913
914
915
916
917
918
919
920
921
922
923
924
925
926
927
928
929
930
931
932
933
934
935
936
937
938
939
940
941
942
943
944
945
946
947
948
949
950
951
952
953
954
955
956
957
958
959
960
961
962
963
964
965
966
967
968
969
970
971
972
973
974
975
976
977
978
979
980
981
982
983
984
985
986
987
988
989
990
991
992
993
994
995
996
997
998
999
1000
1001
1002
1003
1004
1005
1006
1007
1008
1009
1010
1011
1012
1013
1014
1015
1016
1017
1018
1019
1020
1021
1022
1023
1024
1025
1026
1027
1028
1029
1030
1031
1032
1033
1034
1035
1036
1037
1038
1039
1040
1041
1042
1043
1044
1045
1046
1047
1048
1049
1050
1051
1052
1053
1054
1055
1056
1057
1058
1059
1060
1061
1062
1063
1064
1065
1066
1067
1068
1069
1070
1071
1072
1073
1074
1075
1076
1077
1078
1079
1080
1081
1082
1083
1084
1085
1086
1087
1088
1089
1090
1091
1092
1093
1094
1095
1096
1097
1098
1099
1100
1101
1102
1103
1104
1105
1106
1107
1108
1109
1110
1111
1112
1113
1114
1115
1116
1117
1118
1119
1120
1121
1122
1123
1124
1125
1126
1127
1128
1129
1130
1131
1132
1133
1134
1135
1136
1137
1138
1139
1140
1141
1142
1143
1144
1145
1146
1147
1148
1149
1150
1151
1152
1153
1154
1155
1156
1157
1158
1159
1160
1161
1162
1163
1164
1165
1166
1167
1168
1169
1170
1171
1172
1173
1174
1175
1176
1177
1178
1179
1180
1181
1182
1183
1184
1185
1186
1187
1188
1189
1190
1191
1192
1193
1194
1195
1196
1197
1198
1199
1200
1201
1202
1203
1204
1205
1206
1207
1208
1209
1210
1211
1212
1213
1214
1215
1216
1217
1218
1219
1220
1221
1222
1223
1224
1225
1226
1227
1228
1229
1230
1231
1232
1233
1234
1235
1236
1237
1238
1239
1240
1241
1242
1243
1244
1245
1246
1247
1248
1249
1250
1251
1252
1253
1254
1255
1256
1257
1258
1259
1260
1261
1262
1263
1264
1265
1266
1267
1268
1269
1270
1271
1272
1273
1274
1275
1276
1277
1278
1279
1280
1281
1282
1283
1284
1285
1286
1287
1288
1289
1290
1291
1292
1293
1294
1295
1296
1297
1298
1299
1300
1301
1302
1303
1304
1305
1306
1307
1308
1309
1310
1311
1312
1313
1314
1315
1316
1317
1318
1319
1320
1321
1322
1323
1324
1325
1326
1327
1328
1329
1330
1331
1332
1333
1334
1335
1336
1337
1338
1339
1340
1341
1342
1343
1344
1345
1346
1347
1348
1349
1350
1351
1352
1353
1354
1355
1356
1357
1358
1359
1360
1361
1362
1363
1364
1365
1366
1367
1368
1369
1370
1371
1372
1373
1374
1375
1376
1377
1378
1379
1380
1381
1382
1383
1384
1385
1386
1387
1388
1389
1390
1391
1392
1393
1394
1395
1396
1397
1398
1399
1400
1401
1402
1403
1404
1405
1406
1407
1408
1409
1410
1411
1412
1413
1414
1415
1416
1417
1418
1419
1420
1421
1422
1423
1424
1425
1426
1427
1428
1429
1430
1431
1432
1433
1434
1435
1436
1437
1438
1439
1440
1441
1442
1443
1444
1445
1446
1447
1448
1449
1450
1451
1452
1453
1454
1455
1456
1457
1458
1459
1460
1461
1462
1463
1464
1465
1466
1467
1468
1469
1470
1471
1472
1473
1474
1475
1476
1477
1478
1479
1480
1481
1482
1483
1484
1485
1486
1487
1488
1489
1490
1491
1492
1493
1494
1495
1496
1497
1498
1499
1500
1501
1502
1503
1504
1505
1506
1507
1508
1509
1510
1511
1512
1513
1514
1515
1516
1517
1518
1519
1520
1521
1522
1523
1524
1525
1526
1527
1528
1529
1530
1531
1532
1533
1534
1535
1536
1537
1538
1539
1540
1541
1542
1543
1544
1545
1546
1547
1548
1549
1550
1551
1552
1553
1554
1555
1556
1557
1558
1559
1560
1561
1562
1563
1564
1565
1566
1567
1568
1569
1570
1571
1572
1573
1574
1575
1576
1577
1578
1579
1580
1581
1582
1583
1584
1585
1586
1587
1588
1589
1590
1591
1592
1593
1594
1595
1596
1597
1598
1599
1600
1601
1602
1603
1604
1605
1606
1607
1608
1609
1610
1611
1612
1613
1614
1615
1616
1617
1618
1619
1620
1621
1622
1623
1624
1625
1626
1627
1628
1629
1630
1631
1632
1633
1634
1635
1636
1637
1638
1639
1640
1641
1642
1643
1644
1645
1646
1647
1648
1649
1650
1651
1652
1653
1654
1655
1656
1657
1658
1659
1660
1661
1662
1663
1664
1665
1666
1667
1668
1669
1670
1671
1672
1673
1674
1675
1676
1677
1678
1679
1680
1681
1682
1683
1684
1685
1686
1687
1688
1689
1690
1691
1692
1693
1694
1695
1696
1697
1698
1699
1700
1701
1702
1703
1704
1705
1706
1707
1708
1709
1710
1711
1712
1713
1714
1715
1716
1717
1718
1719
1720
1721
1722
1723
1724
1725
1726
1727
1728
1729
1730
1731
1732
1733
1734
1735
1736
1737
1738
1739
1740
1741
1742
1743
1744
1745
1746
1747
1748
1749
1750
1751
1752
1753
1754
1755
1756
1757
1758
1759
1760
1761
1762
1763
1764
1765
1766
1767
1768
1769
1770
1771
1772
1773
1774
1775
1776
1777
1778
1779
1780
1781
1782
1783
1784
1785
1786
1787
1788
1789
1790
1791
1792
1793
1794
1795
1796
1797
1798
1799
1800
1801
1802
1803
1804
1805
1806
1807
1808
1809
1810
1811
1812
1813
1814
1815
1816
1817
1818
1819
1820
1821
1822
1823
1824
1825
1826
1827
1828
1829
1830
1831
1832
1833
1834
1835
1836
1837
1838
1839
1840
1841
1842
1843
1844
1845
1846
1847
1848
1849
1850
1851
1852
1853
1854
1855
1856
1857
1858
1859
1860
1861
1862
1863
1864
1865
1866
1867
1868
1869
1870
1871
1872
1873
1874
1875
1876
1877
1878
1879
1880
1881
1882
1883
1884
1885
1886
1887
1888
1889
1890
1891
1892
1893
1894
1895
1896
1897
1898
1899
1900
1901
1902
1903
1904
1905
1906
1907
1908
1909
1910
1911
1912
1913
1914
1915
1916
1917
1918
1919
1920
1921
1922
1923
1924
1925
1926
1927
1928
1929
1930
1931
1932
1933
1934
1935
1936
1937
1938
1939
1940
1941
1942
1943
1944
1945
1946
1947
1948
1949
1950
1951
1952
1953
1954
1955
1956
1957
1958
1959
1960
1961
1962
1963
1964
1965
1966
1967
1968
1969
1970
1971
1972
1973
1974
1975
1976
1977
1978
1979
1980
1981
1982
1983
1984
1985
1986
1987
1988
1989
1990
1991
1992
1993
1994
1995
1996
1997
1998
1999
2000
2001
2002
2003
2004
2005
2006
2007
2008
2009
2010
2011
2012
2013
2014
2015
2016
2017
2018
2019
2020
2021
2022
2023
2024
2025
2026
2027
2028
2029
2030
2031
2032
2033
2034
2035
2036
2037
2038
2039
2040
2041
2042
2043
2044
2045
2046
2047
2048
2049
2050
2051
2052
2053
2054
2055
2056
2057
2058
2059
2060
2061
2062
2063
2064
2065
2066
2067
2068
2069
2070
2071
2072
2073
2074
2075
2076
2077
2078
2079
2080
2081
2082
2083
2084
2085
2086
2087
2088
2089
2090
2091
2092
2093
2094
2095
2096
2097
2098
2099
2100
2101
2102
2103
2104
2105
2106
2107
2108
2109
2110
2111
2112
2113
2114
2115
2116
2117
2118
2119
2120
2121
2122
2123
2124
2125
2126
2127
2128
2129
2130
2131
2132
2133
2134
2135
2136
2137
2138
2139
2140
2141
2142
2143
2144
2145
2146
2147
2148
2149
2150
2151
2152
2153
2154
2155
2156
2157
2158
2159
2160
2161
2162
2163
2164
2165
2166
2167
2168
2169
2170
2171
2172
2173
2174
2175
2176
2177
2178
2179
2180
2181
2182
2183
2184
2185
2186
2187
2188
2189
2190
2191
2192
2193
2194
2195
2196
2197
2198
2199
2200
2201
2202
2203
2204
2205
2206
2207
2208
2209
2210
2211
2212
2213
2214
2215
2216
2217
2218
2219
2220
2221
2222
2223
2224
2225
2226
2227
2228
2229
2230
2231
2232
2233
2234
2235
2236
2237
2238
2239
2240
2241
2242
2243
2244
2245
2246
2247
2248
2249
2250
2251
2252
2253
2254
2255
2256
2257
2258
2259
2260
2261
2262
2263
2264
2265
2266
2267
2268
2269
2270
2271
2272
2273
2274
2275
2276
2277
2278
2279
2280
2281
2282
2283
end_nodes

begin_triangles
0	222	627
0	223	627
1	196	1749
1	197	1894
1	1749	1894
2	97	1904
2	98	2098
2	1904	2098
3	71	626
3	72	626
4	53	54
5	6	240
6	7	240
7	8	1786
7	240	1786
8	9	1786
9	10	1836
9	1786	1836
10	11	364
10	364	1836
11	12	364
12	13	573
12	364	573
13	14	865
13	573	865
14	15	1059
14	865	1059
15	16	796
15	796	1059
16	17	796
17	18	1484
17	796	1484
18	19	533
18	533	1484
19	20	932
19	533	932
20	21	1517
20	932	1517
21	22	1816
21	1517	1816
22	23	1816
23	24	448
23	448	874
23	874	1816
24	25	538
24	448	538
25	26	465
25	465	538
26	27	1952
26	465	1952
27	28	1952
28	29	869
28	869	2033
28	1952	2033
29	30	2148
29	869	2148
30	31	1972
30	1972	2148
31	32	1727
31	1727	1972
32	33	2007
32	1727	2007
33	34	829
33	829	1871
33	1871	2007
34	35	829
35	36	1878
35	829	1878
36	37	2059
36	1878	2059
37	38	2059
38	39	966
38	966	1520
38	1520	2059
39	40	578
39	578	966
40	41	570
40	570	578
41	42	623
41	570	623
42	43	999
42	623	999
43	44	329
43	329	999
44	45	621
44	329	621
45	46	635
45	621	635
46	47	343
46	343	635
47	48	363
47	343	363
48	49	1951
48	363	1951
49	50	1951
50	51	1506
50	1506	1951
51	52	1506
52	53	54
52	54	1506
54	55	2203
54	1506	2203
55	56	267
55	267	2203
56	57	361
56	256	267
56	256	361
57	58	583
57	361	583
58	59	602
58	583	602
59	60	608
59	602	608
60	61	2074
60	608	1944
60	1944	2074
61	62	2074
62	63	1070
62	592	1070
62	592	2074
63	64	586
63	586	1070
64	65	614
64	586	614
65	66	1428
65	614	1428
66	67	1519
66	1428	1519
67	68	1010
67	1010	1519
68	69	334
68	334	1010
69	70	352
69	334	352
70	71	354
70	352	354
71	354	626
72	73	535
72	535	626
73	74	615
73	535	615
74	75	594
74	594	615
75	76	601
75	594	601
76	77	1001
76	601	1001
77	78	1001
78	79	516
78	516	1001
79	80	1000
79	516	1000
80	81	531
80	531	1000
81	82	569
81	531	569
82	83	510
82	510	1454
82	569	1454
83	84	510
84	85	501
84	501	897
84	510	897
85	86	1473
85	501	1473
86	87	340
86	340	929
86	929	1473
87	88	1009
87	340	1009
88	89	441
88	441	1009
89	90	1295
89	441	1295
90	91	323
90	323	1295
91	92	887
91	323	1252
91	887	1252
92	93	2104
92	887	1074
92	1074	2104
93	94	2193
93	2104	2178
93	2178	2193
94	95	2143
94	2143	2193
95	96	2199
95	2143	2199
96	97	2126
96	2126	2185
96	2185	2199
97	1904	2126
98	99	1528
98	1528	1950
98	1950	2098
99	100	1528
100	101	1664
100	1528	1953
100	1664	1953
101	102	1585
101	1585	1664
102	103	1378
102	1378	1585
103	104	1676
103	1378	1676
104	105	1325
104	1325	1676
105	106	1948
105	1325	1948
106	107	2111
106	1948	2111
107	108	1680
107	1680	2111
108	109	1977
108	1680	1977
109	110	922
109	922	1317
109	1317	1977
110	111	922
111	112	826
111	826	922
112	113	1615
112	826	1615
113	114	1368
113	1368	1615
114	115	1597
114	1368	1597
115	116	1913
115	1597	1913
116	117	2135
116	1913	2135
117	118	2051
117	2051	2135
118	119	1189
118	1189	2108
118	2051	2108
119	120	1189
120	121	1697
120	1189	1580
120	1580	1697
121	122	2054
121	1697	2054
122	123	1562
122	1562	2054
123	124	1738
123	1562	1738
124	125	1656
124	1656	1738
125	126	1970
125	1656	1970
126	127	1619
126	1619	1970
127	128	1905
127	1619	1905
128	129	1996
128	1905	1996
129	130	1897
129	1897	1996
130	131	1942
130	1897	1942
131	132	2167
131	1942	2194
131	2167	2194
132	133	2113
132	2113	2167
133	134	2113
134	135	2136
134	1945	2113
134	1945	2136
135	136	1956
135	1956	2136
136	137	1708
136	1708	1956
137	138	1574
137	1574	1708
138	139	1225
138	1225	1574
139	140	2163
139	1225	2163
140	141	2144
140	2144	2163
141	142	2073
141	2073	2144
142	143	2070
142	2070	2073
143	144	1649
143	1336	1649
143	1336	2070
144	145	1342
144	1342	1649
145	146	1943
145	1342	1943
146	147	1865
146	1865	1943
147	148	2062
147	1865	2062
148	149	1636
148	1636	2062
149	150	1992
149	1636	1992
150	151	1912
150	1912	1915
150	1915	1992
151	152	1912
152	153	1896
152	1896	1912
153	154	1599
153	1599	1896
154	155	2057
154	1599	2057
155	156	2139
155	2057	2139
156	157	2145
156	2139	2145
157	158	1920
157	1920	2145
158	159	2164
158	1920	2164
159	160	2068
159	2068	2164
160	161	1276
160	1276	2068
161	162	1123
161	1123	1276
162	163	1467
162	1123	1467
163	164	1357
163	1357	1467
164	165	2056
164	1357	2056
165	166	1085
165	1085	2056
166	167	1784
166	1085	1784
167	168	1375
167	1375	1784
168	169	1922
168	1375	1751
168	1751	1922
169	170	1922
170	171	2118
170	1547	1922
170	1547	2118
171	172	1174
171	1174	2102
171	2102	2118
172	173	2058
172	1174	2058
173	174	2058
174	175	1963
174	1963	2058
175	176	1900
175	1900	1963
176	177	1601
176	1601	1900
177	178	2055
177	1601	2055
178	179	1679
178	1679	2055
179	180	1864
179	1679	1864
180	181	1319
180	1319	1864
181	182	1386
181	1319	1386
182	183	1386
183	184	1395
183	1386	1395
184	185	1495
184	1395	1495
185	186	1792
185	1495	1792
186	187	1778
186	1778	1792
187	188	1613
187	1122	1613
187	1122	1778
188	189	2069
188	1613	2069
189	190	1653
189	1653	2069
190	191	1717
190	1653	1717
191	192	749
191	749	1717
192	193	1730
192	749	1730
193	194	1931
193	1730	1931
194	195	1997
194	1931	1997
195	196	1898
195	1898	1997
196	1749	1898
197	198	2114
197	1894	2114
198	199	2151
198	2114	2151
199	200	2177
199	2151	2177
200	201	2177
201	202	2198
201	2177	2247
201	2198	2247
202	203	812
202	812	889
202	889	2198
203	204	1007
203	812	1007
204	205	530
204	322	530
204	322	1007
205	206	335
205	335	530
206	207	559
206	335	559
207	208	339
207	339	559
208	209	939
208	339	939
209	210	521
209	521	988
209	939	988
210	211	844
210	521	844
211	212	447
211	447	844
212	213	927
212	447	927
213	214	1039
213	927	1039
214	215	593
214	593	1039
215	216	998
215	593	998
216	217	901
216	901	998
217	218	1046
217	901	1046
218	219	1046
219	220	587
219	587	1046
220	221	976
220	587	976
221	222	540
221	540	976
222	540	627
223	224	353
223	353	627
224	225	633
224	353	633
225	226	553
225	553	620
225	620	633
226	227	553
227	228	562
227	553	562
228	229	590
228	562	590
229	230	491
229	491	590
230	231	822
230	491	822
231	232	2207
231	822	2207
232	233	2128
232	2128	2207
233	234	1445
233	1445	2128
234	235	2227
234	582	1392
234	582	2227
234	1392	1445
235	236	541
235	541	2227
236	237	337
236	337	518
236	518	541
237	238	337
238	239	355
238	337	584
238	355	584
239	240	277
239	277	2044
239	355	2044
240	277	1786
241	807	1435
241	807	1493
241	833	842
241	833	1493
241	842	857
241	857	1435
242	764	806
242	764	2093
242	806	1502
242	1452	2035
242	1452	2093
242	1502	2035
243	711	823
243	711	828
243	823	1060
243	828	961
243	961	1060
244	326	904
244	326	2212
244	456	904
244	456	1017
244	605	1017
244	605	1848
244	1848	2147
244	2147	2212
245	761	986
245	761	1391
245	782	851
245	782	986
245	851	1391
246	251	257
246	251	1004
246	257	617
246	429	617
246	429	876
246	552	876
246	552	1004
247	252	566
247	252	606
247	524	606
247	524	1052
247	566	1052
248	332	894
248	332	907
248	618	957
248	618	1801
248	894	957
248	907	1884
248	1801	1884
249	331	962
249	331	1459
249	457	962
249	457	2187
249	964	2129
249	964	2187
249	1459	2129
250	332	464
250	332	894
250	464	554
250	554	610
250	610	1012
250	894	1012
251	257	589
251	589	1026
251	1004	1057
251	1026	1057
252	258	523
252	258	1058
252	523	606
252	566	1031
252	1031	1058
253	788	868
253	788	2025
253	868	1008
253	1008	1421
253	1421	1514
253	1514	2025
254	324	336
254	324	356
254	336	561
254	356	564
254	461	564
254	461	595
254	561	595
255	268	338
255	268	546
255	338	1477
255	490	546
255	490	1053
255	1053	1477
256	267	349
256	349	356
256	356	634
256	361	634
257	427	589
257	427	617
258	265	585
258	265	611
258	523	585
258	611	1058
259	478	575
259	478	909
259	511	545
259	511	909
259	545	612
259	575	612
260	470	528
260	470	572
260	528	532
260	532	563
260	563	580
260	572	1496
260	580	1496
261	263	600
261	263	1021
261	446	560
261	446	934
261	560	1021
261	600	934
262	330	556
262	330	979
262	351	598
262	351	632
262	556	598
262	632	979
263	338	348
263	338	600
263	348	1488
263	1021	1488
264	275	558
264	275	622
264	558	577
264	574	893
264	574	1057
264	577	1057
264	622	893
265	276	611
265	276	624
265	585	629
265	624	629
266	324	336
266	324	358
266	336	351
266	351	359
266	358	359
267	349	358
267	358	2203
268	338	348
268	348	362
268	355	362
268	355	546
269	460	515
269	460	1063
269	489	1073
269	489	1437
269	515	1073
269	1063	1437
270	425	498
270	425	527
270	498	544
270	519	527
270	519	544
271	303	609
271	303	1022
271	319	542
271	319	609
271	476	607
271	476	1022
271	542	607
272	426	475
272	426	993
272	429	617
272	429	1042
272	475	1042
272	536	617
272	536	993
273	312	551
273	312	1376
273	480	543
273	480	551
273	537	543
273	537	1376
274	350	359
274	350	360
274	359	632
274	360	635
274	621	632
274	621	635
275	353	540
275	353	633
275	540	976
275	558	633
275	622	976
276	354	535
276	354	624
276	535	615
276	611	615
277	362	1475
277	362	2044
277	1475	1836
277	1786	1836
278	803	864
278	803	1478
278	864	1290
278	1251	1335
278	1251	1478
278	1290	1335
279	487	1066
279	487	1313
279	859	965
279	859	1426
279	965	1066
279	1313	1426
280	750	813
280	750	1978
280	774	835
280	774	1978
280	813	896
280	835	896
281	492	1044
281	492	1496
281	580	1066
281	580	1496
281	628	1066
281	628	1069
281	1044	1069
282	479	486
282	479	612
282	486	565
282	565	1453
282	612	818
282	818	1423
282	1423	1453
283	793	798
283	793	1304
283	798	817
283	817	1305
283	1304	1307
283	1305	1308
283	1307	1400
283	1308	1400
284	1138	1282
284	1138	2041
284	1140	1238
284	1140	2041
284	1238	1277
284	1277	1282
285	768	838
285	768	860
285	799	860
285	799	1494
285	838	1515
285	1494	1515
286	763	858
286	763	1373
286	858	1351
286	862	1320
286	862	1351
286	1320	1373
287	520	951
287	520	953
287	837	849
287	837	953
287	849	951
288	430	545
288	430	1371
288	545	698
288	698	840
288	840	1371
289	496	915
289	496	1014
289	880	914
289	880	915
289	914	974
289	974	1014
290	790	811
290	790	861
290	811	866
290	861	963
290	866	872
290	872	963
291	494	975
291	494	1499
291	548	588
291	548	1020
291	588	1499
291	975	1019
291	1019	1020
292	500	557
292	500	908
292	554	952
292	554	1068
292	557	952
292	908	1068
293	476	529
293	476	607
293	500	630
293	500	1455
293	509	607
293	509	1455
293	529	630
294	820	902
294	820	935
294	850	948
294	850	969
294	902	969
294	935	948
295	582	2146
295	582	2213
295	871	985
295	871	2223
295	985	2146
295	2213	2223
296	762	787
296	762	834
296	787	1491
296	805	834
296	805	885
296	885	1491
297	411	443
297	411	1039
297	443	452
297	452	593
297	593	1039
298	462	498
298	462	943
298	498	955
298	943	995
298	955	970
298	970	995
299	1224	1226
299	1224	1481
299	1226	1413
299	1239	1284
299	1239	1353
299	1284	1413
299	1353	1481
300	752	766
300	752	1726
300	766	854
300	854	1855
300	1726	1993
300	1855	1959
300	1959	1993
301	472	507
301	472	549
301	507	1040
301	549	598
301	556	598
301	556	1040
302	454	886
302	454	944
302	488	568
302	488	946
302	568	996
302	886	946
302	944	1891
302	996	1891
303	444	516
303	444	576
303	516	1022
303	576	609
304	467	1015
304	467	2083
304	1015	1514
304	1514	1932
304	1862	1932
304	1862	2083
305	311	870
305	311	876
305	852	870
305	852	1042
305	876	1042
306	462	544
306	462	899
306	509	542
306	509	899
306	542	1056
306	544	1472
306	1056	1472
307	539	576
307	539	613
307	566	603
307	566	1031
307	576	603
307	613	1031
308	488	568
308	488	589
308	568	1035
308	589	1026
308	1026	1035
309	571	602
309	571	1050
309	583	602
309	583	925
309	925	1028
309	933	1028
309	933	1050
310	314	471
310	314	541
310	439	471
310	439	1047
310	497	518
310	497	1047
310	518	541
311	316	552
311	316	562
311	552	876
311	562	590
311	590	870
312	551	555
312	555	1023
312	1023	1376
313	495	543
313	495	2100
313	543	2191
313	1826	2100
313	1826	2215
313	1856	2191
313	1856	2215
314	471	2146
314	541	2227
314	2146	2227
315	455	458
315	455	534
315	458	1424
315	534	1041
315	1041	1520
315	1424	1520
316	333	553
316	333	1071
316	552	1071
316	553	562
317	574	893
317	574	1026
317	581	587
317	581	1035
317	587	893
317	1026	1035
318	594	601
318	594	611
318	601	613
318	611	1058
318	613	1058
319	542	1056
319	579	603
319	579	1056
319	603	609
320	495	537
320	495	2133
320	537	599
320	586	599
320	586	1070
320	592	1070
320	592	2133
321	506	616
321	506	1023
321	523	555
321	523	585
321	555	1023
321	585	616
322	390	499
322	390	1007
322	499	530
323	1252	1849
323	1295	1382
323	1382	1849
324	349	356
324	349	358
325	468	484
325	468	519
325	484	1016
325	519	1027
325	524	550
325	524	1016
325	550	1027
326	503	1032
326	503	2212
326	604	1032
326	604	2162
326	904	977
326	977	2162
327	469	597
327	469	1454
327	529	597
327	529	1492
327	569	1454
327	569	1492
328	472	485
328	472	561
328	485	987
328	561	595
328	595	968
328	968	987
329	621	632
329	632	979
329	979	999
330	556	1048
330	570	623
330	570	1048
330	623	979
331	962	1499
331	1072	1499
331	1072	2154
331	1459	2154
332	464	972
332	907	972
333	553	620
333	558	577
333	558	620
333	577	1071
334	352	624
334	616	629
334	616	1010
334	624	629
335	437	530
335	437	532
335	532	559
336	351	549
336	549	561
337	518	522
337	522	584
338	502	600
338	502	1477
339	474	528
339	474	939
339	528	559
340	929	1033
340	1009	1033
341	533	560
341	533	932
341	560	913
341	913	1517
341	932	1517
342	473	993
342	473	1437
342	536	983
342	536	993
342	983	1063
342	1063	1437
343	360	363
343	360	635
344	492	572
344	492	1465
344	548	588
344	548	1419
344	572	1419
344	588	1465
345	477	496
345	477	1051
345	496	1067
345	575	1051
345	575	1067
346	520	809
346	520	825
346	770	800
346	770	918
346	800	809
346	825	918
347	402	432
347	402	973
347	432	605
347	438	526
347	438	973
347	526	1848
347	605	1848
348	362	1500
348	1488	1500
350	359	2229
350	360	363
350	363	1951
350	1951	2216
350	2216	2229
351	359	632
351	549	598
352	354	624
353	540	627
354	535	626
355	362	2044
355	546	584
356	564	634
357	836	949
357	836	1034
357	942	1034
357	942	2228
357	949	2228
358	359	2229
358	2203	2229
361	583	925
361	634	925
362	1475	1500
364	573	1475
364	1475	1836
365	1175	1202
365	1175	1209
365	1202	1803
365	1209	1228
365	1228	1235
365	1235	1803
366	1243	1344
366	1243	1742
366	1344	1823
366	1742	1785
366	1785	2012
366	1823	2012
367	1575	1602
367	1575	1702
367	1602	1603
367	1603	1641
367	1641	1657
367	1657	1702
368	438	823
368	438	973
368	656	973
368	656	1377
368	823	1372
368	1372	1377
369	801	838
369	801	1886
369	814	838
369	814	1415
369	1361	1415
369	1361	1886
370	371	784
370	371	1471
370	385	784
370	385	1013
370	881	1013
370	881	1471
371	715	784
371	715	990
371	990	1471
372	440	919
372	440	1861
372	840	1371
372	840	1470
372	919	1470
372	1371	1861
373	1578	1644
373	1578	1984
373	1604	1644
373	1604	1699
373	1632	1640
373	1632	1984
373	1640	1699
374	1134	1186
374	1134	1298
374	1186	1811
374	1298	1349
374	1349	1451
374	1451	1811
375	1278	1399
375	1278	1444
375	1333	1339
375	1333	1399
375	1339	1444
376	704	738
376	704	1523
376	738	1524
376	768	814
376	768	1523
376	814	895
376	895	1524
377	596	709
377	596	1450
377	709	1141
377	1141	1260
377	1260	1780
377	1450	1780
378	714	895
378	714	1482
378	895	1417
378	1148	1273
378	1148	1482
378	1273	1417
379	655	758
379	655	1255
379	758	1398
379	1255	1349
379	1349	1398
380	651	653
380	651	1833
380	653	1504
380	1398	1870
380	1398	2040
380	1504	1870
380	1833	2040
381	730	848
381	730	1438
381	800	848
381	800	1498
381	1411	1438
381	1411	1498
382	655	758
382	655	1999
382	758	1666
382	1666	1840
382	1840	1999
383	1309	1339
383	1309	1401
383	1316	1350
383	1316	1401
383	1339	1350
384	1244	1264
384	1244	1383
384	1264	1331
384	1331	1873
384	1383	1873
385	645	889
385	645	1013
385	784	815
385	812	815
385	812	889
386	389	1427
386	389	1980
386	680	740
386	680	1980
386	740	1487
386	1427	1487
387	1212	1214
387	1212	1446
387	1214	1414
387	1236	1254
387	1236	1446
387	1254	1414
388	921	1366
388	921	1416
388	1316	1328
388	1316	1366
388	1328	2170
388	1416	2170
389	791	1427
389	791	1675
389	1315	1675
389	1315	1980
390	499	1457
390	715	815
390	715	1457
390	815	1007
391	1215	1265
391	1215	1294
391	1265	1845
391	1294	1310
391	1310	1731
391	1731	1883
391	1845	1883
392	1151	1347
392	1151	2008
392	1203	1765
392	1203	1881
392	1259	2008
392	1259	2101
392	1347	1765
392	1365	1881
392	1365	2101
393	846	1505
393	846	2205
393	1192	1229
393	1192	2011
393	1229	1703
393	1505	2011
393	1587	1703
393	1587	2205
394	785	1393
394	785	1408
394	819	1480
394	819	1511
394	1393	1511
394	1408	1480
395	463	855
395	463	924
395	769	924
395	769	1363
395	855	1246
395	1246	1306
395	1306	1363
396	741	1404
396	741	1824
396	777	1404
396	777	1441
396	1369	1441
396	1369	1824
397	673	967
397	673	2032
397	967	1512
397	1297	1303
397	1297	1991
397	1303	2032
397	1512	1991
398	1155	1299
398	1155	1341
398	1227	1245
398	1227	1341
398	1245	1299
399	591	882
399	591	1470
399	856	956
399	856	961
399	882	961
399	919	956
399	919	1470
400	1196	1233
400	1196	1358
400	1233	1256
400	1256	1334
400	1334	1390
400	1358	1390
401	792	794
401	792	953
401	794	1793
401	809	848
401	809	953
401	848	1793
402	432	864
402	719	864
402	719	1466
402	973	1466
403	774	875
403	774	1403
403	777	1403
403	777	1490
403	875	1460
403	1460	1490
404	547	849
404	547	978
404	849	1018
404	911	978
404	911	1018
405	764	845
405	764	891
405	790	843
405	790	888
405	843	845
405	888	891
406	748	776
406	748	1397
406	767	786
406	767	811
406	776	843
406	786	1397
406	811	843
407	759	1285
407	759	1326
407	807	1330
407	807	1379
407	1285	1330
407	1326	1379
408	435	2197
408	435	2208
408	739	1429
408	739	2197
408	772	1429
408	772	2208
409	567	982
409	567	986
409	755	841
409	755	982
409	782	841
409	782	986
410	736	806
410	736	1407
410	776	789
410	776	845
410	789	1407
410	806	845
411	443	1433
411	927	1039
411	927	1456
411	1433	1456
412	625	859
412	625	958
412	825	830
412	825	958
412	830	841
412	841	859
413	723	793
413	723	827
413	793	1054
413	827	1062
413	1054	1518
413	1062	1518
414	504	852
414	504	938
414	852	984
414	878	959
414	878	984
414	938	959
415	805	874
415	805	910
415	874	1816
415	910	913
415	913	1517
415	1517	1816
416	857	898
416	857	1987
416	871	985
416	871	1987
416	898	985
417	820	873
417	820	1433
417	832	906
417	832	1456
417	873	906
417	1433	1456
418	497	1047
418	497	1497
418	751	833
418	751	883
418	833	1047
418	883	1497
419	760	990
419	760	1457
419	853	982
419	853	990
419	931	982
419	931	1457
420	718	828
420	718	1521
420	769	924
420	769	1521
420	828	856
420	856	1510
420	924	1510
421	767	819
421	767	866
421	813	819
421	813	821
421	821	920
421	866	920
422	485	868
422	485	987
422	835	875
422	835	987
422	868	875
423	489	836
423	489	1073
423	836	884
423	884	989
423	989	1073
424	460	850
424	460	1063
424	850	930
424	930	992
424	992	1063
425	498	955
425	527	867
425	867	954
425	928	954
425	928	955
426	473	993
426	473	1030
426	475	1037
426	1030	1037
427	488	589
427	488	946
427	536	617
427	536	983
427	946	983
428	450	821
428	450	968
428	461	595
428	461	872
428	595	968
428	821	920
428	872	920
429	876	1042
430	441	879
430	441	1061
430	511	545
430	511	879
430	1061	1371
431	708	779
431	708	851
431	779	918
431	782	830
431	782	851
431	830	918
432	605	1017
432	803	864
432	803	1017
433	734	808
433	734	817
433	808	1497
433	817	971
433	971	1049
433	1049	1497
434	438	526
434	438	1060
434	526	1998
434	863	882
434	863	1998
434	882	1060
435	923	1813
435	923	2208
435	1813	2115
435	2115	2197
436	568	996
436	568	1035
436	581	1035
436	581	1046
436	901	996
436	901	1046
437	499	530
437	499	1384
437	532	563
437	563	1313
437	1313	1384
438	823	1060
439	471	898
439	842	898
439	842	1047
440	919	947
440	947	1474
440	1474	1988
440	1861	1988
441	879	1009
441	1061	1295
442	449	1003
442	449	1065
442	460	515
442	460	969
442	515	1065
442	969	1003
443	452	940
443	935	940
443	935	1433
444	516	1001
444	539	576
444	539	1001
445	1452	1989
445	1452	2035
445	1464	2035
445	1464	2161
445	1965	1989
445	1965	2161
446	560	913
446	913	1045
446	934	1045
447	831	844
447	831	1456
447	927	1456
448	538	885
448	874	885
449	494	975
449	494	1005
449	975	1003
449	1005	1065
450	821	896
450	896	987
450	968	987
451	477	496
451	477	952
451	496	1014
451	508	557
451	508	1014
451	557	952
452	593	1891
452	940	944
452	944	1891
453	873	902
453	873	980
453	902	1003
453	980	1019
453	1003	1019
454	886	930
454	930	948
454	940	944
454	940	948
455	458	1040
455	507	1040
455	507	1421
455	534	1932
455	1421	1932
456	803	1017
456	803	1043
456	904	1043
457	911	978
457	911	2187
457	962	2045
457	978	2045
458	556	1040
458	556	1048
458	1048	1424
459	514	550
459	514	1056
459	519	544
459	519	1027
459	544	1472
459	550	1027
459	1056	1472
460	850	969
461	564	1055
461	872	1055
462	498	544
462	899	1501
462	943	1501
463	670	780
463	670	855
463	780	924
464	554	1068
464	945	972
464	945	1068
465	538	1491
465	816	1491
465	816	1952
466	483	548
466	483	960
466	548	1020
466	906	960
466	906	980
466	980	1020
467	1015	2095
467	1871	1968
467	1871	2083
467	1968	2095
468	484	1856
468	519	527
468	527	1038
468	1038	2225
468	1856	2225
469	508	597
469	508	974
469	510	897
469	510	1454
469	897	974
470	474	528
470	474	937
470	483	572
470	483	937
471	898	985
471	985	2146
472	485	1008
472	507	1008
472	549	561
473	1030	1034
473	1034	1437
474	937	988
474	939	988
475	504	1037
475	504	1042
476	529	1492
476	1022	1492
477	554	610
477	554	952
477	610	1051
478	575	1067
478	909	991
478	915	991
478	915	1067
479	482	486
479	482	1051
479	575	612
479	575	1051
480	484	543
480	484	1016
480	524	551
480	524	1016
481	486	565
481	486	917
481	503	565
481	503	1032
481	917	1032
482	486	917
482	610	1012
482	610	1051
482	917	1012
483	548	1419
483	572	1419
483	937	960
484	543	2191
484	1856	2191
485	868	1008
487	563	580
487	563	1313
487	580	1066
489	836	1034
489	1034	1437
490	522	584
490	522	1049
490	546	584
490	1049	1053
491	590	870
491	822	984
491	870	984
492	493	1044
492	493	1465
492	572	1496
493	547	978
493	547	1044
493	916	978
493	916	1465
494	1005	1072
494	1072	1499
495	537	543
495	1985	2100
495	1985	2133
496	915	1067
497	518	522
497	522	2232
497	1497	2232
499	1384	1457
500	557	630
500	908	1455
501	890	914
501	890	1473
501	897	914
502	600	1062
502	1054	1477
502	1054	1518
502	1062	1518
503	565	2147
503	2147	2212
504	852	1042
504	938	1037
505	912	950
505	912	1072
505	950	1065
505	1005	1065
505	1005	1072
506	616	1010
506	1010	1519
506	1023	1519
507	1008	1421
508	557	597
508	974	1014
509	542	607
509	899	1455
511	879	1033
511	909	1033
512	799	1494
512	799	1513
512	858	936
512	858	1494
512	936	1513
513	847	892
513	847	2105
513	892	970
513	928	970
513	928	2085
513	2085	2105
514	550	1052
514	579	1052
514	579	1056
515	1065	1073
516	1000	1022
517	801	1515
517	801	1820
517	1337	1356
517	1337	1776
517	1356	1494
517	1494	1515
517	1776	1820
520	809	953
520	825	958
520	951	958
521	844	926
521	926	988
522	1049	2232
523	555	606
524	550	1052
524	551	606
525	942	1757
525	942	2109
525	1385	1868
525	1385	2081
525	1757	1868
525	2081	2109
526	1848	1998
527	867	1038
528	532	559
529	597	630
531	569	1492
531	1000	1022
531	1022	1492
533	560	1036
533	1036	1484
534	1041	2091
534	1862	1932
534	1862	2091
537	599	1376
538	885	1491
539	601	613
539	601	1001
545	612	818
545	698	818
547	849	1069
547	1044	1069
551	555	606
552	1004	1071
557	597	630
558	620	633
560	1021	1036
564	634	1489
564	1055	1489
565	1453	2147
566	579	603
566	579	1052
567	967	982
567	967	1512
567	986	1512
570	578	1048
571	602	608
571	608	2176
571	1050	1779
571	1779	2176
573	619	865
573	619	1475
574	1026	1057
576	603	609
577	1004	1057
577	1004	1071
578	966	1048
581	587	1046
582	1392	2213
582	2146	2227
585	616	629
586	599	614
587	893	976
588	916	1465
588	916	1499
591	701	1463
591	701	1470
591	863	882
591	863	1463
592	1985	2074
592	1985	2133
593	998	1891
594	611	615
596	709	754
596	754	1387
596	1387	1461
596	1450	1461
599	614	1376
600	934	1062
604	618	957
604	618	2138
604	957	1032
604	1006	2138
604	1006	2162
608	1944	2176
613	1031	1058
614	1376	1428
618	1801	2138
619	865	1059
619	1059	1822
619	1475	1500
619	1488	1500
619	1488	1822
622	893	976
623	979	999
625	628	951
625	628	965
625	859	965
625	951	958
628	849	951
628	849	1069
628	965	1066
631	796	1036
631	796	1059
631	1021	1036
631	1021	1488
631	1059	1822
631	1488	1822
634	925	1489
636	1153	1194
636	1153	1877
636	1194	1220
636	1220	1874
636	1740	1874
636	1740	1877
637	707	1064
637	707	2027
637	729	1458
637	729	1782
637	1064	1410
637	1410	1458
637	1782	2027
638	660	672
638	660	717
638	672	797
638	717	1278
638	797	1444
638	1278	1444
639	1197	1260
639	1197	1323
639	1260	1805
639	1323	1860
639	1805	1814
639	1814	1860
640	1269	1713
640	1269	1831
640	1281	1755
640	1281	1831
640	1681	1713
640	1681	1755
641	1134	1298
641	1134	1748
641	1163	1258
641	1163	1748
641	1255	1258
641	1255	1298
642	1596	1629
642	1596	1707
642	1629	1715
642	1639	1707
642	1639	1764
642	1715	1764
643	1213	1540
643	1213	1761
643	1409	1540
643	1409	1628
643	1628	1761
644	1099	1573
644	1099	1669
644	1573	2031
644	1577	1772
644	1577	1957
644	1669	1772
644	1957	2031
645	647	712
645	647	889
645	712	1013
646	1550	1554
646	1550	1795
646	1554	2026
646	1716	1795
646	1716	1973
646	1973	2026
647	712	921
647	889	1416
647	921	1416
648	1187	1232
648	1187	1431
648	1200	1220
648	1200	1306
648	1220	1232
648	1306	1431
649	665	731
649	665	1322
649	731	1359
649	1248	1322
649	1248	2052
649	1359	2052
650	1111	1147
650	1111	1795
650	1147	1162
650	1162	1315
650	1315	1744
650	1550	1744
650	1550	1795
651	653	1787
651	1787	1846
651	1810	1846
651	1810	1947
651	1833	1947
652	1199	1266
652	1199	1719
652	1266	1745
652	1719	1885
652	1745	1885
653	1504	1821
653	1645	1787
653	1645	1821
654	666	1311
654	666	1318
654	1215	1329
654	1215	1516
654	1311	1329
654	1318	1713
654	1516	1713
655	1255	2090
655	1360	1999
655	1360	2090
656	973	1466
656	1266	1377
656	1266	1466
657	1168	1324
657	1168	1663
657	1186	1324
657	1186	1876
657	1594	1714
657	1594	1876
657	1663	1714
658	1532	1533
658	1532	1591
658	1533	2159
658	1591	2034
658	2034	2159
659	1163	1712
659	1163	1753
659	1712	1789
659	1739	1789
659	1739	1808
659	1747	1753
659	1747	1808
660	672	881
660	673	1476
660	673	2032
660	717	2032
660	881	1476
661	1144	1558
661	1144	1645
661	1181	1787
661	1181	2084
661	1558	1705
661	1645	1787
661	1705	2084
662	1234	1665
662	1234	1667
662	1665	1889
662	1667	1704
662	1674	1704
662	1674	1889
663	1119	1643
663	1119	2023
663	1205	1342
663	1205	1643
663	1342	2023
664	1161	1185
664	1161	1852
664	1169	1193
664	1169	1852
664	1185	1233
664	1193	1233
665	731	1487
665	740	1482
665	740	1487
665	1148	1322
665	1148	1482
666	756	1425
666	756	1442
666	1311	1442
666	1318	1425
667	1124	1146
667	1124	1185
667	1146	1447
667	1185	1196
667	1196	1391
667	1391	1447
668	1160	1796
668	1160	1879
668	1164	1302
668	1164	1796
668	1302	1879
669	1206	1262
669	1206	1367
669	1214	1231
669	1214	1367
669	1231	1348
669	1262	1348
670	780	1029
670	855	1458
670	1029	1410
670	1410	1458
671	1546	1600
671	1546	1700
671	1586	1624
671	1586	1700
671	1600	1781
671	1624	1781
672	712	797
672	712	1013
672	881	1013
673	967	1449
673	1449	1476
674	1566	1572
674	1566	1618
674	1572	2050
674	1618	1631
674	1631	1634
674	1634	1994
674	1994	2050
675	1158	1202
675	1158	1841
675	1202	1829
675	1768	1829
675	1768	1841
676	1108	1293
676	1108	1767
676	1145	1696
676	1145	2134
676	1293	1696
676	1767	2134
677	720	1982
677	720	2051
677	1129	1827
677	1129	1982
677	1827	2108
677	2051	2108
678	1301	1320
678	1301	1436
678	1303	1380
678	1303	1436
678	1320	1380
679	1172	1251
679	1172	1364
679	1207	1364
679	1207	1430
679	1251	1638
679	1430	1638
680	714	738
680	714	740
680	738	1162
680	1162	1980
681	1179	1245
681	1179	1367
681	1210	1212
681	1210	1396
681	1212	1367
681	1245	1396
682	1658	1733
682	1658	1760
682	1733	1734
682	1734	1759
682	1759	1760
683	1257	1388
683	1257	1650
683	1338	1388
683	1338	1791
683	1646	1650
683	1646	1791
684	765	1811
684	765	2071
684	1152	1324
684	1152	1332
684	1186	1324
684	1186	1811
684	1332	2071
685	1166	1227
685	1166	1364
685	1208	1211
685	1208	1396
685	1211	1364
685	1227	1396
686	772	1429
686	772	1479
686	1271	1348
686	1271	1429
686	1274	1348
686	1274	1479
687	1182	1286
687	1182	1806
687	1191	1806
687	1191	1948
687	1286	2111
687	1948	2111
688	1170	1258
688	1170	1839
688	1258	2090
688	1360	1941
688	1360	2090
688	1839	2149
688	1941	2149
689	1107	1418
689	1107	2028
689	1296	1355
689	1296	1418
689	1355	1843
689	1843	1860
689	1860	2028
690	1319	1448
690	1319	1698
690	1448	1818
690	1581	1752
690	1581	1818
690	1698	1752
691	1187	1235
691	1187	1431
691	1235	1340
691	1340	1363
691	1363	1431
692	1267	1273
692	1267	1280
692	1273	1863
692	1280	1834
692	1630	1834
692	1630	1863
693	1620	1695
693	1620	1766
693	1695	1850
693	1766	1850
694	695	1224
694	695	1237
694	1224	1226
694	1226	1270
694	1236	1237
694	1236	1486
694	1270	1486
695	736	1244
695	736	1407
695	1224	1407
695	1237	1261
695	1244	1261
696	1135	1280
696	1135	1815
696	1280	1406
696	1293	1361
696	1293	1815
696	1361	1406
697	1272	1300
697	1272	1436
697	1297	1334
697	1297	1436
697	1300	1334
698	701	840
698	701	1463
698	818	1463
699	1114	1327
699	1114	1777
699	1205	1336
699	1205	1777
699	1327	1770
699	1336	1770
700	1191	1325
700	1191	1711
700	1325	1676
700	1534	1676
700	1534	1746
700	1711	1746
701	840	1470
702	1276	1788
702	1276	2068
702	1655	1737
702	1655	1756
702	1737	2068
702	1756	1788
703	1126	1154
703	1126	1200
703	1154	1890
703	1200	1246
703	1246	1312
703	1312	1890
704	738	1147
704	1147	1281
704	1281	1523
705	748	1239
705	748	1397
705	1239	1284
705	1284	1660
705	1397	1408
705	1408	1660
706	724	1279
706	724	1330
706	1254	1279
706	1254	1486
706	1285	1330
706	1285	1486
707	1064	1314
707	1083	1314
707	1083	2013
707	2005	2013
707	2005	2027
708	779	1823
708	851	1447
708	1146	1447
708	1146	1823
709	754	1289
709	1141	1289
710	1173	1193
710	1173	1282
710	1193	1256
710	1218	1282
710	1218	1300
710	1256	1300
711	823	1372
711	828	1420
711	1209	1372
711	1209	1420
712	797	921
713	1222	1238
713	1222	1337
713	1238	1268
713	1268	1522
713	1337	1522
714	738	1524
714	740	1482
714	895	1524
715	760	990
715	760	1457
715	784	815
716	1288	1326
716	1288	1797
716	1326	1888
716	1352	1797
716	1352	1817
716	1817	1888
717	1278	1343
717	1343	1380
717	1380	2032
718	828	1420
718	1228	1340
718	1228	1420
718	1340	1521
719	864	1290
719	1188	1223
719	1188	1466
719	1223	1290
720	1346	1825
720	1346	2135
720	1825	2029
720	1982	2029
720	2051	2135
721	771	1230
721	771	1386
721	1230	1875
721	1386	1448
721	1448	1818
721	1818	1875
722	744	1369
722	744	1374
722	1307	1374
722	1307	1507
722	1369	1507
723	793	1304
723	827	1412
723	1304	1507
723	1412	1507
724	747	1381
724	747	1435
724	1279	1381
724	1330	1435
725	1164	1216
725	1164	1299
725	1179	1206
725	1179	1299
725	1206	1362
725	1216	1291
725	1291	1362
726	733	1743
726	733	2020
726	1308	1508
726	1308	2020
726	1354	1508
726	1354	1743
727	1184	1283
727	1184	1389
727	1283	1309
727	1309	1333
727	1333	1513
727	1389	1513
728	1183	1670
728	1183	1678
728	1375	1751
728	1375	1784
728	1670	1751
728	1678	1724
728	1724	1784
729	855	1312
729	855	1458
729	1312	1443
729	1443	1782
730	848	1793
730	1405	1438
730	1405	1830
730	1793	1830
731	824	1338
731	824	1487
731	1338	1359
732	1242	1804
732	1242	1828
732	1368	1615
732	1368	1804
732	1615	2036
732	1828	2036
733	1393	1511
733	1393	1743
733	1394	1802
733	1394	2020
733	1511	1802
734	808	1439
734	817	1305
734	1305	1508
734	1439	1508
735	1159	1275
735	1159	1688
735	1177	1192
735	1177	1653
735	1192	2011
735	1275	2011
735	1653	1688
736	806	1502
736	1244	1264
736	1264	1502
737	1109	1127
737	1109	1825
737	1127	1769
737	1242	1769
737	1242	1866
737	1346	1825
737	1346	1866
738	1147	1162
739	1429	1483
739	1483	1830
739	1830	2196
739	2196	2197
741	742	1503
741	742	1824
741	1404	1726
741	1503	1726
742	762	787
742	762	1468
742	787	1725
742	1468	1824
742	1503	1725
743	1223	1335
743	1223	1800
743	1335	1853
743	1341	1800
743	1341	1853
744	1369	1441
744	1374	1882
744	1441	1882
745	1208	1210
745	1208	1383
745	1210	1446
745	1237	1261
745	1237	1446
745	1261	1383
746	1218	1272
746	1218	1277
746	1268	1277
746	1268	1373
746	1272	1301
746	1301	1373
747	857	1435
747	857	1987
747	1381	1979
747	1979	1987
748	776	1353
748	1239	1353
749	1120	1229
749	1120	1730
749	1177	1717
749	1177	1771
749	1229	1771
750	813	819
750	819	1511
750	1511	1802
750	1802	1978
751	833	1493
751	883	1701
751	1379	1462
751	1379	1493
751	1462	1701
752	766	1490
752	1404	1490
752	1404	1726
753	1231	1274
753	1231	1414
753	1274	1479
753	1279	1381
753	1279	1414
753	1381	1479
754	1287	1289
754	1287	1469
754	1387	1469
755	841	859
755	859	931
755	931	982
756	1328	1401
756	1328	1442
756	1401	1425
757	783	1331
757	783	1509
757	1264	1331
757	1264	1502
757	1502	2035
757	1509	2035
758	1398	2040
758	1666	1682
758	1682	2040
759	1270	1285
759	1270	1413
759	1288	1326
759	1288	1413
761	986	1512
761	1196	1358
761	1196	1391
761	1358	1390
761	1390	1512
762	834	839
762	839	1851
762	1468	1851
763	858	1356
763	1356	1522
763	1373	1522
764	806	845
764	891	2093
765	1451	1504
765	1451	1811
765	1504	2049
765	2049	2071
766	795	854
766	795	1460
766	1460	1490
767	786	1480
767	811	866
767	819	1480
768	814	838
768	860	1523
769	1363	1521
770	779	918
770	779	1344
770	800	1402
770	1344	1402
771	1230	1292
771	1292	1395
771	1386	1395
772	1479	1966
772	1966	2208
773	1369	1412
773	1369	1824
773	1412	1851
773	1468	1824
773	1468	1851
774	835	875
774	1403	1978
775	1131	1259
775	1131	1286
775	1259	1317
775	1286	1680
775	1317	1977
775	1680	1977
776	789	1353
776	843	845
777	1403	1441
777	1404	1490
778	1117	1467
778	1117	1844
778	1357	1467
778	1357	1750
778	1750	1783
778	1783	1844
779	1344	1823
780	924	1510
780	947	1474
780	947	1510
780	1029	1474
781	1354	1439
781	1354	1817
781	1439	1701
781	1462	1701
781	1462	1817
782	830	841
783	1331	1873
783	1430	1775
783	1430	1873
783	1509	1775
785	1393	1743
785	1408	1660
785	1660	1743
786	1397	1408
786	1408	1480
787	816	1491
787	816	1725
788	795	1460
788	795	2025
788	868	875
788	875	1460
789	1353	1481
789	1407	1481
790	811	843
790	861	888
791	1121	1675
791	1121	2003
791	1427	1983
791	1835	1983
791	1835	2003
792	794	900
792	837	900
792	837	953
793	798	1054
794	900	2226
794	1793	1830
794	1830	2196
794	2196	2226
795	854	2025
796	1036	1484
797	921	1366
797	1350	1366
797	1350	1444
798	817	971
798	971	1054
799	860	1240
799	1240	1389
799	1389	1513
800	809	848
800	1402	1498
801	838	1515
801	1820	1886
802	1149	1180
802	1149	1858
802	1180	1292
802	1292	1495
802	1495	1792
802	1792	1858
803	1043	1478
804	814	895
804	814	1415
804	895	1417
804	1267	1406
804	1267	1417
804	1406	1415
805	834	910
805	874	885
807	1330	1435
807	1379	1493
808	883	1497
808	883	1701
808	1439	1701
810	1403	1882
810	1403	1978
810	1802	1978
810	1802	1990
810	1882	1990
812	815	1007
813	821	896
816	1321	1725
816	1321	2033
816	1952	2033
818	1423	1463
820	873	902
820	935	1433
822	878	984
822	878	2207
824	1257	1388
824	1257	1983
824	1338	1388
824	1427	1487
824	1427	1983
825	830	918
826	922	1365
826	1365	1881
826	1615	1881
827	1062	1857
827	1412	1851
827	1851	1857
828	856	961
829	1871	2083
829	1878	2091
829	2083	2091
831	832	960
831	832	1456
831	844	926
831	926	960
832	906	960
833	842	1047
834	839	1045
834	910	1045
835	896	987
836	884	949
837	849	1018
837	900	1018
839	1045	1857
839	1851	1857
842	857	898
846	1241	2188
846	1241	2205
846	1434	1485
846	1434	2188
846	1485	1505
847	892	981
847	907	981
847	907	1884
847	1884	2105
850	930	948
851	1391	1447
852	870	984
853	967	982
853	967	1449
853	990	1449
854	1015	1855
854	1015	2025
855	1246	1312
856	956	1510
858	936	1351
858	1356	1494
859	931	1426
860	1240	1523
861	888	1028
861	963	1024
861	1024	1028
862	1320	1343
862	1343	1399
862	1351	1399
863	1423	1453
863	1423	1463
863	1453	1998
866	872	920
867	903	954
867	903	1038
869	1918	2033
869	1918	2148
871	923	2220
871	923	2223
871	1987	2220
872	963	1055
873	906	980
877	1727	1968
877	1727	1972
877	1855	1959
877	1855	2095
877	1959	2006
877	1968	2095
877	1972	2006
878	959	2158
878	2128	2158
878	2128	2207
879	1009	1033
880	890	914
880	890	991
880	915	991
881	1471	1476
882	961	1060
884	949	2155
884	989	2155
886	930	992
886	946	992
887	1074	1204
887	1204	1252
888	891	933
888	933	1028
889	1416	2198
890	929	991
890	929	1473
891	933	997
891	997	2093
892	970	995
892	981	995
894	957	1012
897	914	974
899	1455	1501
900	994	1018
900	994	2217
900	2217	2226
901	996	998
902	969	1003
903	954	2160
903	1038	2219
903	2160	2210
903	2210	2219
904	977	1043
905	1002	2169
905	1002	2218
905	2067	2107
905	2067	2169
905	2107	2186
905	2186	2218
907	972	981
908	1068	1501
908	1455	1501
909	929	991
909	929	1033
910	913	1045
911	994	1018
911	994	2187
912	950	2169
912	1072	2154
912	1459	2067
912	1459	2154
912	2067	2169
916	962	1499
916	962	2045
916	978	2045
917	957	1012
917	957	1032
919	947	956
922	1317	1365
923	1813	2180
923	2180	2223
923	2208	2220
925	1024	1028
925	1024	1489
926	937	960
926	937	988
928	954	2085
928	955	970
931	1426	1457
933	997	1050
934	1045	1857
934	1062	1857
935	940	948
936	1333	1399
936	1333	1513
936	1351	1399
938	959	1868
938	1037	1868
941	1118	1221
941	1118	1345
941	1221	1843
941	1323	1345
941	1323	1860
941	1843	1860
942	1030	1034
942	1030	1757
942	2109	2228
943	945	995
943	945	1068
943	1068	1501
945	972	981
945	981	995
946	983	992
947	956	1510
949	1011	2218
949	1011	2228
949	2155	2218
950	989	1002
950	989	1073
950	1002	2169
950	1065	1073
954	2085	2160
959	1385	1868
959	1385	2158
963	1024	1489
963	1055	1489
964	1773	2187
964	1773	2202
964	2115	2129
964	2115	2202
966	1048	1424
966	1424	1520
971	1049	1053
971	1053	1054
975	1003	1019
977	1006	2076
977	1006	2162
977	1043	1974
977	1974	2076
980	1019	1020
983	992	1063
989	1002	2155
990	1449	1471
994	1773	2187
994	1773	2217
996	998	1891
997	1050	1779
997	1779	1989
997	1989	2093
1002	2155	2218
1006	2076	2125
1006	2125	2138
1011	2109	2192
1011	2109	2228
1011	2192	2214
1011	2214	2218
1015	1514	2025
1015	1855	2095
1023	1376	1428
1023	1428	1519
1025	1464	1509
1025	1464	2016
1025	1509	1775
1025	1775	1974
1025	1974	2016
1029	1064	1410
1029	1064	1432
1029	1432	1474
1030	1037	1757
1037	1757	1868
1038	2219	2225
1041	1520	2059
1041	1878	2059
1041	1878	2091
1043	1478	1638
1043	1638	1974
1049	1497	2232
1053	1054	1477
1061	1295	1382
1061	1371	1382
1064	1314	1432
1074	1083	1314
1074	1083	1754
1074	1204	1314
1074	1754	2104
1075	1532	1591
1075	1532	1642
1075	1591	1610
1075	1596	1608
1075	1596	1642
1075	1608	1610
1076	1579	1588
1076	1579	1668
1076	1588	1655
1076	1590	1668
1076	1590	2078
1076	1655	2078
1077	1907	1909
1077	1907	2019
1077	1909	2079
1077	1917	2079
1077	1917	2082
1077	2019	2082
1078	1629	1642
1078	1629	1648
1078	1642	2092
1078	1648	2097
1078	2092	2097
1079	1525	1551
1079	1525	1617
1079	1551	1738
1079	1617	1656
1079	1656	1738
1080	1573	1662
1080	1573	1722
1080	1592	1663
1080	1592	1722
1080	1604	1662
1080	1604	1663
1081	1531	1899
1081	1531	1910
1081	1899	1911
1081	1910	1925
1081	1911	2042
1081	1925	1926
1081	1926	2042
1082	1568	1575
1082	1568	1762
1082	1575	1637
1082	1607	1628
1082	1607	1637
1082	1628	1762
1083	1345	1754
1083	1345	2013
1084	1556	1683
1084	1556	2043
1084	1584	2043
1084	1584	2190
1084	1683	1958
1084	1958	2061
1084	2061	2190
1085	1724	1784
1085	1724	1790
1085	1790	2056
1086	1538	1565
1086	1538	1838
1086	1565	1621
1086	1621	1752
1086	1627	1752
1086	1627	1838
1087	1547	1566
1087	1547	1922
1087	1566	1794
1087	1670	1751
1087	1670	1794
1087	1751	1922
1088	1895	1902
1088	1895	2224
1088	1902	2222
1088	1929	2150
1088	1929	2224
1088	2119	2150
1088	2119	2222
1089	1191	1711
1089	1191	1806
1089	1614	1711
1089	1614	1939
1089	1620	1806
1089	1620	1939
1090	1099	1578
1090	1099	1669
1090	1578	1984
1090	1643	1669
1090	1643	1777
1090	1777	1984
1091	1606	1609
1091	1606	1692
1091	1607	1609
1091	1607	1626
1091	1626	1630
1091	1630	1692
1092	1248	1689
1092	1248	2052
1092	1590	1668
1092	1590	2052
1092	1668	1689
1093	1561	1563
1093	1561	1946
1093	1563	1576
1093	1569	1576
1093	1569	1935
1093	1935	1946
1094	1565	1567
1094	1565	1962
1094	1567	2001
1094	1906	2001
1094	1906	2021
1094	1962	2021
1095	1577	1583
1095	1577	1683
1095	1583	1865
1095	1636	1683
1095	1636	2062
1095	1865	2062
1096	1640	1728
1096	1640	1763
1096	1672	1728
1096	1672	2066
1096	1763	2066
1097	1569	1967
1097	1569	2004
1097	1617	1970
1097	1617	2010
1097	1967	1970
1097	1969	2004
1097	1969	2010
1098	1589	1624
1098	1589	1721
1098	1624	1659
1098	1659	1674
1098	1674	1704
1098	1704	1721
1099	1573	1662
1099	1578	1644
1099	1644	1662
1100	1622	1650
1100	1622	1790
1100	1650	1693
1100	1678	1693
1100	1678	1724
1100	1724	1790
1101	1116	1742
1101	1116	1809
1101	1128	1719
1101	1128	1785
1101	1719	1809
1101	1742	1785
1102	1568	1602
1102	1568	1616
1102	1592	1616
1102	1592	1714
1102	1594	1612
1102	1594	1714
1102	1602	1612
1103	1315	1675
1103	1315	1744
1103	1634	1675
1103	1634	2096
1103	1744	2079
1103	2079	2096
1104	1585	1664
1104	1585	2039
1104	1664	1927
1104	1927	1955
1104	1955	2039
1105	1557	1561
1105	1557	1705
1105	1558	1705
1105	1558	2168
1105	1561	2182
1105	1942	2168
1105	1942	2182
1106	1622	1646
1106	1622	1750
1106	1646	1651
1106	1651	1783
1106	1750	1783
1107	1113	1165
1107	1113	1961
1107	1165	1418
1107	1814	1961
1107	1814	2028
1108	1293	1815
1108	1657	1815
1108	1657	2130
1108	1767	2130
1109	1127	1687
1109	1571	1687
1109	1571	2029
1109	1825	2029
1110	1188	1223
1110	1188	1745
1110	1223	1800
1110	1745	1880
1110	1796	1800
1110	1796	1880
1111	1147	1281
1111	1281	1755
1111	1723	1755
1111	1723	1795
1112	1544	1668
1112	1544	1847
1112	1606	1625
1112	1606	1847
1112	1625	1689
1112	1668	1689
1113	1165	1709
1113	1608	1707
1113	1608	1709
1113	1707	1961
1114	1327	2000
1114	1632	1984
1114	1632	2000
1114	1777	1984
1115	1135	1280
1115	1135	1702
1115	1280	1834
1115	1626	1637
1115	1626	1834
1115	1637	1702
1116	1201	1243
1116	1201	1879
1116	1243	1742
1116	1809	1879
1117	1123	1467
1117	1123	1788
1117	1633	1788
1117	1633	1844
1118	1221	1710
1118	1345	1754
1118	1710	1928
1118	1754	2110
1118	1928	2110
1119	1583	1772
1119	1583	2023
1119	1643	1669
1119	1669	1772
1120	1229	1685
1120	1652	1685
1120	1652	1730
1121	1631	1675
1121	1631	2003
1122	1613	1758
1122	1706	1734
1122	1706	1778
1122	1734	1758
1123	1276	1788
1124	1146	2012
1124	1161	1185
1124	1161	1768
1124	1768	2012
1125	1567	1621
1125	1567	1679
1125	1621	1698
1125	1679	1864
1125	1698	1864
1126	1154	1869
1126	1200	1220
1126	1220	1874
1126	1869	1874
1127	1687	2087
1127	1769	2087
1128	1158	1199
1128	1158	1841
1128	1199	1719
1128	1785	1841
1129	1564	1611
1129	1564	1827
1129	1611	1982
1130	1720	1842
1130	1720	1869
1130	1740	1842
1130	1740	1874
1130	1869	1874
1131	1182	1286
1131	1182	1695
1131	1259	2008
1131	1695	2008
1132	1137	1169
1132	1137	1803
1132	1161	1829
1132	1161	1852
1132	1169	1852
1132	1803	1829
1133	1170	1747
1133	1170	1839
1133	1735	1747
1133	1735	1887
1133	1839	1887
1134	1186	1876
1134	1594	1748
1134	1594	1876
1135	1657	1702
1135	1657	1815
1136	1536	1570
1136	1536	1691
1136	1570	1781
1136	1659	1781
1136	1659	1889
1136	1691	1889
1137	1169	1854
1137	1187	1235
1137	1187	1854
1137	1235	1803
1138	1153	1194
1138	1153	2041
1138	1173	1282
1138	1173	1798
1138	1194	1798
1139	1580	1697
1139	1580	2002
1139	1697	2054
1139	1937	2002
1139	1937	2030
1139	2030	2054
1140	1153	1877
1140	1153	2041
1140	1238	2064
1140	1729	1872
1140	1729	1877
1140	1872	2064
1141	1260	1805
1141	1289	1654
1141	1654	1805
1142	1145	1694
1142	1145	1696
1142	1222	1337
1142	1222	1694
1142	1337	1776
1142	1696	1776
1143	1586	1589
1143	1586	1595
1143	1589	1821
1143	1595	1645
1143	1645	1821
1144	1546	1558
1144	1546	1700
1144	1595	1645
1144	1595	1700
1145	1694	1807
1145	1807	2134
1146	1823	2012
1148	1273	1863
1148	1322	1774
1148	1774	1863
1149	1180	1732
1149	1706	1759
1149	1706	1858
1149	1732	1759
1150	1176	1614
1150	1176	2195
1150	1296	1355
1150	1296	1766
1150	1355	1799
1150	1614	1939
1150	1684	1799
1150	1684	2195
1150	1766	1939
1151	1247	1347
1151	1247	1971
1151	1971	2008
1152	1168	1324
1152	1168	1699
1152	1332	1763
1152	1699	1960
1152	1763	1960
1154	1249	1890
1154	1249	1914
1154	1869	1914
1155	1164	1299
1155	1164	1796
1155	1341	1800
1155	1796	1800
1156	1310	1647
1156	1310	1838
1156	1581	1627
1156	1581	1647
1156	1627	1838
1157	1582	1652
1157	1582	2127
1157	1593	1997
1157	1593	2127
1157	1652	1931
1157	1931	1997
1158	1175	1202
1158	1175	1892
1158	1199	1892
1159	1250	1275
1159	1250	1733
1159	1688	1758
1159	1733	1758
1160	1796	1880
1160	1809	1879
1160	1809	1885
1160	1880	1885
1161	1768	1829
1162	1315	1980
1163	1258	1753
1163	1712	1893
1163	1748	1893
1164	1216	1302
1165	1418	1812
1165	1709	1812
1166	1172	1364
1166	1172	1853
1166	1227	1341
1166	1341	1853
1167	1633	1756
1167	1633	1844
1167	1756	2078
1167	1844	1867
1167	1867	2052
1167	2052	2078
1168	1663	1699
1169	1173	1193
1169	1173	1798
1169	1798	1854
1170	1258	1753
1170	1747	1753
1171	1536	1691
1171	1536	1956
1171	1574	1690
1171	1574	1708
1171	1665	1690
1171	1665	1691
1171	1708	1956
1172	1251	1335
1172	1335	1853
1174	2009	2058
1174	2009	2102
1175	1209	1892
1176	1537	1746
1176	1537	2206
1176	1614	1746
1176	2195	2206
1177	1192	1771
1177	1653	1717
1178	1588	1737
1178	1588	2200
1178	1737	2068
1178	1920	2140
1178	1920	2164
1178	2068	2164
1178	2140	2200
1179	1206	1367
1179	1245	1299
1180	1230	1292
1180	1230	1883
1180	1732	2024
1180	1883	2024
1181	1623	1846
1181	1623	2084
1181	1787	1846
1182	1620	1695
1182	1620	1806
1183	1670	1832
1183	1678	1736
1183	1736	1835
1183	1832	1835
1184	1240	1389
1184	1240	1831
1184	1269	1283
1184	1269	1831
1185	1196	1233
1187	1232	1854
1188	1266	1466
1188	1266	1745
1189	1580	1827
1189	1827	2108
1190	1347	1765
1190	1347	1812
1190	1635	1677
1190	1635	1765
1190	1677	1812
1191	1325	1948
1192	1229	1771
1193	1233	1256
1194	1220	1232
1194	1232	1854
1194	1798	1854
1195	1265	1598
1195	1265	1845
1195	1598	1760
1195	1732	1760
1195	1732	1845
1197	1260	1780
1197	1323	2013
1197	1780	2005
1197	2005	2013
1198	1837	2000
1198	1837	2015
1198	1936	2000
1198	1936	2086
1198	2015	2086
1199	1266	1377
1199	1377	1892
1200	1246	1306
1201	1243	1498
1201	1302	1411
1201	1302	1879
1201	1411	1498
1202	1803	1829
1203	1635	1765
1203	1635	2036
1203	1881	2036
1204	1252	1253
1204	1253	1432
1204	1314	1432
1205	1336	1649
1205	1342	1649
1205	1643	1777
1206	1262	1362
1207	1211	1364
1207	1211	1873
1207	1430	1873
1208	1210	1396
1208	1211	1383
1209	1228	1420
1209	1372	1892
1210	1212	1446
1211	1383	1873
1212	1214	1367
1213	1540	2018
1213	1761	2031
1213	2018	2031
1214	1231	1414
1215	1265	1329
1215	1294	1516
1216	1291	1438
1216	1302	1411
1216	1411	1438
1217	1287	1469
1217	1287	1999
1217	1360	1941
1217	1360	1999
1217	1469	1941
1218	1272	1300
1218	1277	1282
1219	1338	1359
1219	1338	1791
1219	1359	2052
1219	1651	1791
1219	1651	1867
1219	1867	2052
1221	1355	1799
1221	1355	1843
1221	1710	1799
1222	1238	2064
1222	1694	1872
1222	1872	2064
1223	1290	1335
1224	1407	1481
1225	1574	2053
1225	1673	2015
1225	1673	2053
1225	2015	2163
1226	1270	1413
1227	1245	1396
1228	1235	1340
1229	1685	1703
1230	1875	1883
1231	1274	1348
1234	1665	1690
1234	1667	1686
1234	1686	2053
1234	1690	2053
1236	1237	1446
1236	1254	1486
1238	1268	1277
1240	1523	2022
1240	1831	2022
1241	2142	2188
1241	2142	2204
1241	2204	2205
1242	1769	1828
1242	1804	1866
1243	1344	1402
1243	1402	1498
1244	1261	1383
1247	1296	1418
1247	1296	1850
1247	1347	1418
1247	1850	1971
1248	1322	1689
1249	1387	1461
1249	1387	1718
1249	1461	1890
1249	1718	1914
1250	1263	1485
1250	1263	1658
1250	1275	1485
1250	1658	1733
1251	1478	1638
1252	1253	1849
1253	1432	1474
1253	1474	1988
1253	1849	1988
1254	1279	1414
1255	1258	2090
1255	1298	1349
1256	1300	1334
1257	1650	1693
1257	1693	1736
1257	1736	1983
1259	1317	2101
1262	1271	1348
1262	1271	1422
1262	1362	1422
1263	1265	1485
1263	1265	1598
1263	1598	1658
1265	1329	1485
1267	1273	1417
1267	1280	1406
1268	1373	1522
1269	1283	1425
1269	1318	1425
1269	1318	1713
1270	1285	1486
1271	1422	1483
1271	1429	1483
1272	1301	1436
1275	1485	1505
1275	1505	2011
1278	1343	1399
1281	1523	2022
1281	1831	2022
1283	1309	1401
1283	1401	1425
1284	1288	1413
1284	1288	1797
1284	1660	1797
1286	1680	2111
1287	1289	1840
1287	1840	1999
1289	1654	1764
1289	1764	1840
1291	1362	1422
1291	1405	1422
1291	1405	1438
1292	1395	1495
1293	1361	1886
1293	1696	1886
1294	1310	1605
1294	1516	1605
1296	1766	1850
1297	1303	1436
1297	1334	1390
1297	1390	1991
1301	1320	1373
1303	1380	2032
1304	1307	1507
1305	1308	1508
1306	1363	1431
1307	1374	1400
1308	1400	2020
1309	1333	1339
1310	1605	1838
1310	1647	1731
1311	1329	1434
1311	1434	1442
1312	1443	1890
1313	1384	1426
1316	1328	1401
1316	1350	1366
1317	1365	2101
1319	1386	1448
1319	1698	1864
1320	1343	1380
1321	1440	1918
1321	1440	1993
1321	1725	1993
1321	1918	2033
1322	1689	1774
1323	1345	2013
1326	1379	1888
1327	1770	1837
1327	1837	2000
1328	1442	2170
1329	1434	1485
1332	1763	2060
1332	2037	2060
1332	2037	2071
1336	1770	2070
1337	1356	1522
1339	1350	1444
1340	1363	1521
1342	1943	2023
1346	1866	1913
1346	1913	2135
1347	1418	1812
1349	1398	1870
1349	1451	1870
1352	1660	1743
1352	1660	1797
1352	1743	1817
1354	1439	1508
1354	1743	1817
1357	1750	2056
1361	1406	1415
1368	1597	1804
1369	1412	1507
1370	1582	1685
1370	1582	2137
1370	1587	1703
1370	1587	2204
1370	1685	1703
1370	2137	2204
1371	1382	1861
1372	1377	1892
1374	1394	1400
1374	1394	1990
1374	1882	1990
1378	1534	1585
1378	1534	1676
1379	1462	1888
1381	1479	1979
1382	1849	1861
1384	1426	1457
1385	1392	1445
1385	1392	2081
1385	1445	2158
1387	1469	1941
1387	1718	1941
1390	1512	1991
1392	2081	2192
1392	2192	2213
1394	1400	2020
1394	1802	1990
1403	1441	1882
1405	1422	1483
1405	1483	1830
1409	1540	1934
1409	1609	1628
1409	1609	2072
1409	1934	2089
1409	2072	2089
1416	2153	2170
1416	2153	2198
1421	1514	1932
1430	1638	1775
1434	1442	2188
1440	1918	2006
1440	1959	1993
1440	1959	2006
1442	2170	2188
1443	1450	1461
1443	1450	1782
1443	1461	1890
1445	2128	2158
1449	1471	1476
1450	1780	1782
1451	1504	1870
1452	1989	2093
1453	1998	2147
1459	2067	2172
1459	2129	2172
1462	1817	1888
1464	1509	2035
1464	2016	2161
1479	1966	1979
1503	1725	1993
1503	1726	1993
1504	1821	2049
1506	1951	2216
1506	2203	2216
1516	1605	1681
1516	1681	1713
1525	1551	2017
1525	1617	2010
1525	1895	2017
1525	1895	2046
1525	2010	2046
1526	1896	1912
1526	1896	1916
1526	1912	1915
1526	1915	2061
1526	1916	2099
1526	2061	2099
1527	1906	1924
1527	1906	2021
1527	1907	1924
1527	1907	1995
1527	1995	2038
1527	2021	2038
1528	1923	1950
1528	1923	1953
1529	1964	2009
1529	1964	2082
1529	2009	2058
1529	2019	2047
1529	2019	2082
1529	2047	2058
1530	1546	1558
1530	1546	1954
1530	1558	2168
1530	1954	2113
1530	2113	2167
1530	2167	2168
1531	1899	1934
1531	1910	1916
1531	1916	2189
1531	1934	2183
1531	2183	2189
1532	1533	2119
1532	1642	2119
1533	1908	2065
1533	1908	2119
1533	2065	2159
1534	1537	1746
1534	1537	2039
1534	1585	2039
1535	1926	1933
1535	1926	2057
1535	1933	2063
1535	2057	2139
1535	2063	2139
1536	1570	2136
1536	1956	2136
1537	1955	2039
1537	1955	2206
1538	1553	1962
1538	1553	1973
1538	1565	1962
1538	1838	1973
1539	1937	2002
1539	1937	2173
1539	1949	2002
1539	1949	2065
1539	2065	2173
1540	1548	2014
1540	1548	2018
1540	1934	2014
1541	1919	1975
1541	1919	2042
1541	1921	1933
1541	1921	2122
1541	1933	2042
1541	1975	2122
1542	1548	2018
1542	1548	2043
1542	1556	1957
1542	1556	2043
1542	1957	2018
1543	1901	2126
1543	1901	2211
1543	1904	1930
1543	1904	2126
1543	1930	2121
1543	2121	2211
1544	1560	1847
1544	1560	1975
1544	1579	1668
1544	1579	1975
1545	1810	1947
1545	1810	2048
1545	1929	2048
1545	1929	2150
1545	1947	2092
1545	2092	2150
1546	1600	1954
1547	1566	1572
1547	1572	2102
1547	2102	2118
1548	1584	2014
1548	1584	2043
1549	1571	1591
1549	1571	1661
1549	1591	2034
1549	1611	1982
1549	1611	2034
1549	1661	1982
1550	1554	2131
1550	1744	2079
1550	2079	2131
1551	1562	1738
1551	1562	2030
1551	2017	2030
1552	1903	1950
1552	1903	2120
1552	1930	2098
1552	1930	2120
1552	1950	2098
1553	1962	2038
1553	1973	2026
1553	1986	2026
1553	1986	2038
1554	1909	1995
1554	1909	2131
1554	1986	1995
1554	1986	2026
1555	1903	1923
1555	1903	2117
1555	1923	1927
1555	1927	2156
1555	1981	2156
1555	1981	2230
1555	2117	2230
1556	1577	1683
1556	1577	1957
1557	1561	1563
1557	1563	2084
1557	1705	2084
1559	1710	1938
1559	1710	1981
1559	1938	2156
1559	1981	2156
1560	1847	2089
1560	1919	1975
1560	1919	2166
1560	2089	2166
1561	1897	1946
1561	1897	2182
1562	2030	2054
1563	1576	1623
1563	1623	2084
1564	1580	1827
1564	1580	2002
1564	1611	1949
1564	1949	2002
1565	1567	1621
1566	1618	1794
1567	1679	2055
1567	2001	2055
1568	1575	1602
1568	1616	1762
1569	1576	2004
1569	1935	1967
1570	1600	1781
1570	1600	1945
1570	1945	2136
1571	1591	1610
1571	1610	1687
1571	1661	2029
1572	2009	2050
1572	2009	2102
1573	1722	1761
1573	1761	2031
1574	1690	2053
1575	1637	1702
1576	1623	2157
1576	2004	2080
1576	2080	2157
1577	1583	1772
1579	1588	2122
1579	1975	2122
1581	1627	1752
1581	1647	1818
1582	1652	1685
1582	2127	2137
1583	1865	2023
1584	2014	2099
1584	2099	2190
1586	1589	1624
1586	1595	1700
1587	2204	2205
1588	1655	1737
1588	2122	2200
1589	1721	1821
1590	2052	2078
1592	1616	1722
1592	1663	1714
1593	1898	1997
1593	1898	2184
1593	2127	2141
1593	2141	2184
1594	1612	1748
1596	1608	1707
1596	1629	1642
1597	1804	1866
1597	1866	1913
1598	1658	1760
1599	1896	1910
1599	1910	1925
1599	1925	2057
1600	1945	1954
1601	1900	1906
1601	1906	2001
1601	2001	2055
1602	1603	1612
1603	1612	1893
1603	1641	1893
1604	1644	1662
1604	1663	1699
1605	1681	1723
1605	1716	1723
1605	1716	1838
1606	1609	2072
1606	1625	1692
1606	1847	2072
1607	1609	1628
1607	1626	1637
1608	1610	1709
1610	1687	1709
1611	1949	2034
1612	1748	1893
1613	1688	1758
1613	1688	2069
1614	1711	1746
1615	1881	2036
1616	1722	1762
1617	1656	1970
1618	1631	2003
1618	1794	1832
1618	1832	2003
1619	1905	1967
1619	1967	1970
1620	1766	1939
1621	1698	1752
1622	1646	1650
1622	1750	1790
1623	1846	2157
1624	1659	1781
1625	1689	1774
1625	1692	1774
1626	1630	1834
1628	1761	1762
1629	1648	1715
1630	1692	1863
1631	1634	1675
1632	1640	1728
1632	1728	2000
1633	1756	1788
1634	1994	2096
1635	1677	2087
1635	1828	2036
1635	1828	2087
1636	1683	1958
1636	1958	1992
1638	1775	1974
1639	1654	1764
1639	1654	1805
1639	1707	1961
1639	1805	1961
1640	1699	1960
1640	1763	1960
1641	1657	2130
1641	1789	1893
1641	1789	2130
1642	2092	2119
1646	1651	1791
1647	1731	1875
1647	1818	1875
1648	1666	1682
1648	1666	1840
1648	1682	2097
1648	1715	1840
1651	1783	1867
1652	1730	1931
1653	1688	2069
1655	1756	2078
1659	1674	1889
1661	1982	2029
1664	1927	1953
1665	1691	1889
1667	1686	2066
1667	1704	2060
1667	2060	2066
1670	1794	1832
1671	1729	1859
1671	1729	1872
1671	1741	1819
1671	1741	1872
1671	1819	1842
1671	1842	1859
1672	1673	1686
1672	1673	2086
1672	1686	2066
1672	1728	1936
1672	1936	2086
1673	1686	2053
1673	2015	2086
1677	1687	1812
1677	1687	2087
1678	1693	1736
1681	1723	1755
1682	1833	1947
1682	1833	2040
1682	1947	2097
1684	1710	1799
1684	1710	1938
1684	1938	2206
1684	2195	2206
1687	1709	1812
1692	1774	1863
1694	1741	1807
1694	1741	1872
1695	1850	1971
1695	1971	2008
1696	1776	1820
1696	1820	1886
1704	1721	2037
1704	2037	2060
1706	1734	1759
1706	1778	1858
1710	1928	2171
1710	1981	2171
1712	1789	1893
1715	1764	1840
1716	1723	1795
1716	1838	1973
1718	1839	1914
1718	1839	2149
1718	1941	2149
1719	1809	1885
1720	1839	1887
1720	1839	1914
1720	1842	1887
1720	1869	1914
1721	1821	2049
1721	2037	2071
1721	2049	2071
1722	1761	1762
1727	1968	2007
1728	1936	2000
1729	1859	1877
1731	1875	1883
1732	1759	1760
1732	1845	2024
1733	1734	1758
1735	1747	1808
1735	1808	1819
1735	1819	1887
1736	1835	1983
1739	1767	1789
1739	1767	2134
1739	1807	1808
1739	1807	2134
1740	1842	1859
1740	1859	1877
1741	1807	1819
1745	1880	1885
1749	1894	2201
1749	1898	2184
1749	2184	2201
1750	1790	2056
1754	2104	2106
1754	2106	2110
1763	2060	2066
1767	1789	2130
1768	1841	2012
1769	1828	2087
1770	1837	2073
1770	2070	2073
1773	2202	2217
1778	1792	1858
1779	1965	1989
1779	1965	2176
1780	1782	2005
1782	2005	2027
1783	1844	1867
1785	1841	2012
1801	1884	2123
1801	2123	2125
1801	2125	2138
1805	1814	1961
1807	1808	1819
1810	1846	2048
1813	2077	2107
1813	2077	2129
1813	2107	2180
1813	2115	2129
1814	1860	2028
1819	1842	1887
1826	2074	2075
1826	2074	2100
1826	2075	2132
1826	2132	2215
1832	1835	2003
1837	2015	2144
1837	2073	2144
1845	1883	2024
1846	2048	2157
1847	2072	2089
1848	1998	2147
1849	1861	1988
1856	2215	2225
1862	2083	2091
1865	1943	2023
1871	1968	2007
1884	2105	2123
1894	2114	2201
1895	1902	2017
1895	2046	2224
1896	1910	1916
1897	1942	2182
1897	1946	1996
1899	1911	2166
1899	1934	2174
1899	2166	2174
1900	1906	1924
1900	1924	2047
1900	1963	2047
1901	2126	2236
1901	2211	2233
1901	2231	2233
1901	2231	2236
1902	1908	2173
1902	1908	2222
1902	2017	2173
1903	1923	1950
1903	2117	2120
1904	1930	2098
1905	1935	1967
1905	1935	1996
1907	1909	1995
1907	1924	2019
1908	2065	2173
1908	2119	2222
1909	2079	2131
1911	1919	2042
1911	1919	2166
1915	1958	1992
1915	1958	2061
1916	2099	2189
1917	1964	2050
1917	1964	2082
1917	1994	2050
1917	1994	2079
1918	2006	2148
1920	2140	2145
1921	1933	2063
1921	2063	2140
1921	2122	2140
1923	1927	1953
1924	2019	2047
1925	1926	2057
1926	1933	2042
1927	1955	2156
1928	2110	2243
1928	2171	2243
1929	1969	2046
1929	1969	2080
1929	2046	2224
1929	2048	2080
1930	2120	2121
1934	2014	2183
1934	2089	2174
1935	1946	1996
1937	2017	2030
1937	2017	2173
1938	2156	2206
1940	2110	2175
1940	2110	2243
1940	2117	2120
1940	2117	2243
1940	2120	2121
1940	2121	2175
1942	2168	2194
1944	2074	2075
1944	2075	2176
1945	1954	2113
1947	2092	2097
1949	2034	2159
1949	2065	2159
1955	2156	2206
1957	2018	2031
1962	2021	2038
1963	2047	2058
1964	2009	2050
1965	2112	2116
1965	2112	2161
1965	2116	2209
1965	2176	2209
1966	1979	1987
1966	1987	2220
1966	2208	2220
1969	2004	2080
1969	2010	2046
1972	2006	2148
1974	2016	2076
1976	2094	2184
1976	2094	2246
1976	2141	2184
1976	2141	2238
1976	2238	2246
1981	2171	2230
1985	2074	2100
1986	1995	2038
1994	2079	2096
2014	2099	2183
2015	2144	2163
2016	2076	2125
2016	2112	2125
2016	2112	2161
2048	2080	2157
2061	2099	2190
2063	2139	2145
2063	2140	2145
2067	2107	2172
2075	2116	2209
2075	2116	2210
2075	2132	2210
2075	2176	2209
2077	2107	2172
2077	2129	2172
2081	2109	2192
2085	2105	2116
2085	2116	2210
2085	2160	2210
2088	2105	2112
2088	2105	2123
2088	2112	2125
2088	2123	2125
2089	2166	2174
2092	2119	2150
2094	2184	2201
2094	2201	2234
2094	2234	2246
2099	2183	2189
2103	2124	2221
2103	2124	2238
2103	2179	2221
2103	2179	2238
2104	2106	2181
2104	2178	2245
2104	2181	2233
2104	2233	2245
2105	2112	2116
2106	2110	2181
2107	2180	2186
2110	2175	2181
2114	2151	2239
2114	2201	2234
2114	2234	2239
2115	2197	2202
2117	2230	2243
2121	2175	2211
2122	2140	2200
2124	2127	2137
2124	2127	2141
2124	2137	2221
2124	2141	2238
2126	2185	2236
2132	2210	2219
2132	2215	2219
2137	2204	2221
2142	2179	2188
2142	2179	2221
2142	2204	2221
2143	2185	2193
2143	2185	2199
2151	2177	2235
2151	2235	2239
2152	2153	2165
2152	2153	2248
2152	2165	2240
2152	2240	2244
2152	2244	2248
2153	2165	2179
2153	2170	2188
2153	2179	2188
2153	2198	2248
2165	2179	2240
2167	2168	2194
2171	2230	2243
2175	2181	2211
2177	2235	2247
2178	2193	2231
2178	2231	2245
2179	2238	2240
2180	2186	2214
2180	2214	2223
2181	2211	2233
2185	2193	2231
2185	2231	2236
2186	2214	2218
2192	2213	2214
2196	2197	2202
2196	2202	2217
2196	2217	2226
2198	2241	2247
2198	2241	2248
2203	2216	2229
2213	2214	2223
2215	2219	2225
2231	2233	2245
2234	2237	2242
2234	2237	2246
2234	2239	2242
2235	2239	2242
2235	2242	2247
2237	2240	2244
2237	2240	2246
2237	2241	2242
2237	2241	2244
2238	2240	2246
2241	2242	2247
2241	2244	2248
end_triangles

begin_node_model "Acceptors"
COMMAND node_model -device "mos2d" -region "bulk" -display_type "scalar" -name "Acceptors" -equation "(1e+15 + BodyDoping);"
end_node_model

begin_node_model "AtContactNode"
BUILTIN
end_node_model

begin_node_model "BodyDoping"
COMMAND node_model -device "mos2d" -region "bulk" -display_type "scalar" -name "BodyDoping" -equation "(1e+19 * 5.000000000000000e-01 * erfc(((-(y + (-1.000000000000000e-04))) * pow(1.000000000000000e-10,(-1)))));"
end_node_model

begin_node_model "ContactNSurfaceNormal_x"
DATAPARENT "SurfaceArea"
end_node_model

begin_node_model "ContactNSurfaceNormal_y"
DATAPARENT "SurfaceArea"
end_node_model

begin_node_model "ContactSurfaceArea"
DATAPARENT "SurfaceArea"
end_node_model

begin_node_model "Donors"
COMMAND node_model -device "mos2d" -region "bulk" -display_type "scalar" -name "Donors" -equation "(1 + DrainDoping + SourceDoping);"
end_node_model

begin_node_model "DrainDoping"
COMMAND node_model -device "mos2d" -region "bulk" -display_type "scalar" -name "DrainDoping" -equation "(1e+19 * 2.500000000000000e-01 * erfc(((x + (-4.500000000000000e-05)) * pow(9.999999999999999e-21,(-1)))) * erfc(((y + (-1.000000000000000e-05)) * pow(1.000000000000000e-10,(-1)))));"
end_node_model

begin_node_model "NSurfaceNormal_x"
DATAPARENT "SurfaceArea"
end_node_model

begin_node_model "NSurfaceNormal_y"
DATAPARENT "SurfaceArea"
end_node_model

begin_node_model "NetDoping"
COMMAND node_model -device "mos2d" -region "bulk" -display_type "scalar" -name "NetDoping" -equation "(Donors - Acceptors);"
end_node_model

begin_node_model "NodeVolume"
BUILTIN
end_node_model

begin_node_model "SourceDoping"
COMMAND node_model -device "mos2d" -region "bulk" -display_type "scalar" -name "SourceDoping" -equation "(1e+19 * 2.500000000000000e-01 * erfc(((-(x + (-5.500000000000000e-05))) * pow(9.999999999999999e-21,(-1)))) * erfc(((y + (-1.000000000000000e-05)) * pow(1.000000000000000e-10,(-1)))));"
end_node_model

begin_node_model "SurfaceArea"
BUILTIN
end_node_model

begin_node_model "coordinate_index"
DATAPARENT "x"
end_node_model

begin_node_model "node_index"
DATAPARENT "x"
end_node_model

begin_node_model "x"
BUILTIN
end_node_model

begin_node_model "y"
DATAPARENT "x"
end_node_model

begin_node_model "z"
DATAPARENT "x"
end_node_model

begin_edge_model "EdgeCouple"
BUILTIN
end_edge_model

begin_edge_model "EdgeInverseLength"
BUILTIN
end_edge_model

begin_edge_model "EdgeLength"
BUILTIN
end_edge_model

begin_edge_model "EdgeNodeVolume"
BUILTIN
end_edge_model

begin_edge_model "edge_index"
BUILTIN
end_edge_model

begin_edge_model "unitx"
BUILTIN
end_edge_model

begin_edge_model "unity"
DATAPARENT "unitx"
end_edge_model

begin_triangle_edge_model "ElementEdgeCouple"
BUILTIN
end_triangle_edge_model

begin_triangle_edge_model "ElementNodeVolume"
BUILTIN
end_triangle_edge_model

end_region

begin_region "gate" "Silicon"
begin_nodes
6
7
8
9
245
246
247
248
249
250
251
252
253
254
255
256
257
258
259
2284
2285
2286
2287
2288
2289
2290
2291
2292
2293
2294
2295
2296
2297
2298
2299
2300
2301
2302
2303
end_nodes

begin_triangles
0	12	38
0	16	38
1	4	37
1	18	37
2	7	36
2	8	36
3	11	30
3	15	30
4	5	19
4	19	37
5	6	25
5	19	25
6	7	29
6	25	29
7	29	36
8	9	24
8	24	36
9	10	32
9	24	32
10	11	23
10	23	32
11	23	30
12	13	20
12	20	38
13	14	26
13	20	26
14	15	30
14	26	30
16	17	33
16	33	38
17	18	34
17	28	33
17	28	34
18	34	37
19	22	25
19	22	34
19	34	37
20	21	26
20	21	33
20	33	38
21	22	28
21	22	35
21	26	27
21	27	35
21	28	33
22	25	31
22	28	34
22	31	35
23	27	30
23	27	32
24	29	31
24	29	36
24	31	32
25	29	31
26	27	30
27	32	35
31	32	35
end_triangles

begin_node_model "Acceptors"
COMMAND node_model -device "mos2d" -region "gate" -display_type "scalar" -name "Acceptors" -equation "1;"
end_node_model

begin_node_model "AtContactNode"
BUILTIN
end_node_model

begin_node_model "ContactNSurfaceNormal_x"
DATAPARENT "SurfaceArea"
end_node_model

begin_node_model "ContactNSurfaceNormal_y"
DATAPARENT "SurfaceArea"
end_node_model

begin_node_model "ContactSurfaceArea"
DATAPARENT "SurfaceArea"
end_node_model

begin_node_model "Donors"
COMMAND node_model -device "mos2d" -region "gate" -display_type "scalar" -name "Donors" -equation "(1e+20 + 1);"
end_node_model

begin_node_model "NSurfaceNormal_x"
DATAPARENT "SurfaceArea"
end_node_model

begin_node_model "NSurfaceNormal_y"
DATAPARENT "SurfaceArea"
end_node_model

begin_node_model "NetDoping"
COMMAND node_model -device "mos2d" -region "gate" -display_type "scalar" -name "NetDoping" -equation "(Donors - Acceptors);"
end_node_model

begin_node_model "NodeVolume"
BUILTIN
end_node_model

begin_node_model "SurfaceArea"
BUILTIN
end_node_model

begin_node_model "coordinate_index"
DATAPARENT "x"
end_node_model

begin_node_model "node_index"
DATAPARENT "x"
end_node_model

begin_node_model "x"
BUILTIN
end_node_model

begin_node_model "y"
DATAPARENT "x"
end_node_model

begin_node_model "z"
DATAPARENT "x"
end_node_model

begin_edge_model "EdgeCouple"
BUILTIN
end_edge_model

begin_edge_model "EdgeInverseLength"
BUILTIN
end_edge_model

begin_edge_model "EdgeLength"
BUILTIN
end_edge_model

begin_edge_model "EdgeNodeVolume"
BUILTIN
end_edge_model

begin_edge_model "edge_index"
BUILTIN
end_edge_model

begin_edge_model "unitx"
BUILTIN
end_edge_model

begin_edge_model "unity"
DATAPARENT "unitx"
end_edge_model

begin_triangle_edge_model "ElementEdgeCouple"
BUILTIN
end_triangle_edge_model

begin_triangle_edge_model "ElementNodeVolume"
BUILTIN
end_triangle_edge_model

end_region

begin_region "oxide" "Silicon"
begin_nodes
1
2
8
9
102
103
104
105
106
107
108
109
110
111
112
113
114
115
116
117
118
119
120
121
122
123
124
125
126
127
128
129
130
131
132
133
134
135
136
137
138
139
140
141
142
143
144
145
146
147
148
149
150
151
152
153
154
155
156
157
158
159
160
161
162
163
164
165
166
167
168
169
170
171
172
173
174
175
176
177
178
179
180
181
182
183
184
185
186
187
188
189
190
191
192
193
194
195
196
197
198
199
200
249
250
251
252
260
261
262
263
264
265
266
267
268
269
270
271
272
273
274
275
2304
2305
2306
2307
2308
2309
2310
2311
2312
2313
2314
2315
2316
2317
2318
2319
2320
2321
2322
2323
2324
2325
2326
2327
2328
2329
2330
2331
2332
2333
2334
2335
2336
2337
2338
2339
2340
2341
2342
2343
2344
2345
2346
2347
2348
2349
2350
2351
2352
2353
2354
2355
2356
2357
2358
2359
2360
2361
2362
2363
2364
2365
2366
2367
2368
2369
2370
2371
2372
2373
2374
2375
2376
2377
2378
2379
2380
2381
2382
2383
2384
2385
2386
2387
2388
2389
2390
2391
2392
2393
2394
2395
2396
2397
2398
2399
2400
2401
2402
2403
2404
2405
2406
2407
2408
2409
2410
2411
2412
2413
2414
2415
2416
2417
2418
2419
2420
2421
2422
2423
2424
2425
2426
2427
2428
2429
2430
2431
2432
2433
2434
2435
2436
2437
2438
2439
2440
2441
2442
2443
2444
2445
2446
2447
2448
2449
2450
2451
2452
2453
2454
2455
2456
2457
2458
2459
2460
2461
2462
2463
2464
2465
2466
2467
2468
2469
2470
2471
2472
2473
2474
2475
2476
2477
2478
2479
2480
2481
2482
2483
2484
2485
2486
2487
2488
2489
2490
2491
2492
2493
2494
2495
2496
2497
2498
2499
2500
2501
2502
2503
2504
2505
2506
2507
2508
2509
2510
2511
2512
2513
2514
2515
2516
2517
2518
2519
2520
2521
2522
2523
2524
2525
2526
2527
2528
2529
2530
2531
2532
2533
2534
2535
2536
2537
2538
2539
2540
2541
2542
2543
2544
2545
2546
2547
2548
2549
2550
2551
2552
2553
2554
2555
2556
2557
2558
2559
2560
2561
2562
2563
2564
2565
2566
2567
2568
2569
2570
2571
2572
2573
2574
2575
2576
2577
2578
2579
2580
2581
2582
2583
2584
2585
2586
2587
2588
2589
2590
2591
2592
2593
2594
2595
2596
2597
2598
2599
2600
2601
2602
2603
2604
2605
2606
2607
2608
2609
2610
2611
2612
2613
2614
2615
2616
2617
2618
2619
2620
2621
2622
2623
2624
2625
2626
2627
2628
2629
2630
2631
2632
2633
2634
2635
2636
2637
2638
2639
2640
2641
2642
2643
2644
2645
2646
2647
2648
2649
2650
2651
2652
2653
2654
2655
2656
2657
2658
2659
2660
2661
2662
2663
2664
2665
2666
2667
2668
2669
2670
2671
2672
2673
2674
2675
2676
2677
2678
2679
2680
2681
2682
2683
2684
2685
2686
2687
2688
2689
2690
2691
2692
2693
2694
2695
2696
2697
2698
2699
2700
2701
2702
2703
2704
2705
2706
2707
2708
2709
2710
2711
2712
2713
2714
2715
2716
2717
2718
2719
2720
2721
2722
2723
2724
2725
2726
2727
2728
2729
2730
2731
2732
2733
2734
2735
2736
2737
2738
2739
2740
2741
2742
2743
2744
2745
2746
2747
2748
2749
2750
2751
2752
2753
2754
2755
2756
2757
2758
2759
2760
2761
2762
2763
2764
2765
2766
2767
2768
2769
2770
2771
2772
2773
2774
2775
2776
2777
2778
2779
2780
2781
2782
2783
2784
2785
2786
2787
2788
2789
2790
2791
2792
2793
2794
2795
2796
2797
2798
2799
2800
2801
2802
2803
2804
2805
2806
2807
2808
2809
2810
2811
2812
2813
2814
2815
2816
2817
2818
2819
2820
2821
2822
2823
2824
2825
2826
2827
2828
2829
2830
2831
2832
2833
2834
2835
2836
2837
2838
2839
2840
2841
2842
2843
2844
2845
2846
end_nodes

begin_triangles
0	102	435
0	115	435
1	4	464
1	114	464
2	103	223
2	107	223
3	106	507
3	122	507
4	5	286
4	286	464
5	6	426
5	286	426
6	7	142
6	142	426
7	8	442
7	142	442
8	9	422
8	422	442
9	10	216
9	216	422
10	11	463
10	216	463
11	12	359
11	359	463
12	13	424
12	359	424
13	14	332
13	332	424
14	15	446
14	332	446
15	16	169
15	169	446
16	17	224
16	169	224
17	18	329
17	224	329
18	19	329
19	20	175
19	156	175
19	156	329
20	21	175
21	22	157
21	157	175
22	23	239
22	157	280
22	239	280
23	24	371
23	239	371
24	25	207
24	207	371
25	26	219
25	207	219
26	27	301
26	219	301
27	28	328
27	301	328
28	29	230
28	230	328
29	30	155
29	155	230
30	31	430
30	155	430
31	32	386
31	242	386
31	242	430
32	33	376
32	376	386
33	34	326
33	326	376
34	35	331
34	326	331
35	36	191
35	191	331
36	37	144
36	144	191
37	38	429
37	144	429
38	39	201
38	201	429
39	40	319
39	201	319
40	41	275
40	275	319
41	42	273
41	273	275
42	43	412
42	273	412
43	44	412
44	45	313
44	313	364
44	364	412
45	46	419
45	313	419
46	47	268
46	268	373
46	373	419
47	48	346
47	268	346
48	49	441
48	346	441
49	50	368
49	368	441
50	51	300
50	300	368
51	52	290
51	290	300
52	53	255
52	255	290
53	54	249
53	249	255
54	55	414
54	249	414
55	56	303
55	303	414
56	57	411
56	303	411
57	58	466
57	411	466
58	59	391
58	391	466
59	60	448
59	391	436
59	436	448
60	61	458
60	448	458
61	62	293
61	293	458
62	63	186
62	186	293
63	64	183
63	183	258
63	186	258
64	65	262
64	183	262
65	66	184
65	184	262
66	67	306
66	184	306
67	68	204
67	204	306
68	69	198
68	198	204
69	70	222
69	198	222
70	71	372
70	222	372
71	72	194
71	194	372
72	73	259
72	194	259
73	74	202
73	202	259
74	75	154
74	154	202
75	76	397
75	154	397
76	77	493
76	397	493
77	78	238
77	238	493
78	79	453
78	238	453
79	80	340
79	340	453
80	81	282
80	282	340
81	82	382
81	282	382
82	83	256
82	256	382
83	84	338
83	256	338
84	85	267
84	267	338
85	86	363
85	267	363
86	87	307
86	307	363
87	88	182
87	182	307
88	89	418
88	182	263
88	263	418
89	90	413
89	413	418
90	91	381
90	381	413
91	92	334
91	334	381
92	93	150
92	150	334
93	94	269
93	150	269
94	95	437
94	269	347
94	347	437
95	96	343
95	343	437
96	97	393
96	343	393
97	98	330
97	330	393
98	99	185
98	185	330
99	100	218
99	185	218
100	101	544
100	218	544
101	102	148
101	148	544
102	148	435
103	104	149
103	149	223
104	105	145
104	145	149
105	106	126
105	126	145
106	126	507
107	108	127
107	127	223
108	109	217
108	127	140
108	140	217
109	110	123
109	123	217
110	111	551
110	123	518
110	518	590
110	551	590
111	112	423
111	423	492
111	492	499
111	499	551
112	113	423
113	114	482
113	423	482
114	464	482
115	116	415
115	415	435
116	117	496
116	415	496
117	118	471
117	471	496
118	119	563
118	471	563
119	120	645
119	522	523
119	522	645
119	523	556
119	556	563
120	121	568
120	568	645
121	122	451
121	139	451
121	139	568
122	451	507
123	130	217
123	130	587
123	146	518
123	146	587
124	128	177
124	128	575
124	177	208
124	192	214
124	192	575
124	208	220
124	212	214
124	212	220
125	140	143
125	140	398
125	143	605
125	180	215
125	180	398
125	215	605
126	145	484
126	451	484
126	451	507
127	140	143
127	143	149
127	149	223
128	167	177
128	167	196
128	188	210
128	188	575
128	196	210
129	132	187
129	132	278
129	187	582
129	205	582
129	205	616
129	278	389
129	380	389
129	380	616
130	140	217
130	140	398
130	398	599
130	587	599
131	167	177
131	167	277
131	177	325
131	243	277
131	243	325
132	187	308
132	270	278
132	270	292
132	292	390
132	308	623
132	390	608
132	608	623
133	167	193
133	167	296
133	193	400
133	221	296
133	221	384
133	228	299
133	228	384
133	298	299
133	298	400
134	187	308
134	187	613
134	308	622
134	487	572
134	487	621
134	572	594
134	591	594
134	591	613
134	620	621
134	620	622
135	180	398
135	180	586
135	398	417
135	417	445
135	445	611
135	586	611
136	158	177
136	158	281
136	177	208
136	208	213
136	213	281
137	185	189
137	185	330
137	189	377
137	206	330
137	206	377
138	207	219
138	207	264
138	219	287
138	264	433
138	287	374
138	374	615
138	433	618
138	615	618
139	215	484
139	215	494
139	451	484
139	494	568
141	195	335
141	195	532
141	202	274
141	202	335
141	274	375
141	375	532
142	200	327
142	200	442
142	327	426
143	145	149
143	145	605
144	165	191
144	165	315
144	203	315
144	203	429
145	484	605
146	515	518
146	515	519
146	519	547
146	547	600
146	587	600
147	197	381
147	197	465
147	272	381
147	272	460
147	439	460
147	439	465
148	415	435
148	415	477
148	477	544
150	197	334
150	197	549
150	269	362
150	362	549
151	156	311
151	156	329
151	311	416
151	329	449
151	416	457
151	449	457
152	234	354
152	234	365
152	267	354
152	267	399
152	365	399
153	280	385
153	280	479
153	385	529
153	479	632
153	520	529
153	520	632
154	202	274
154	274	289
154	289	397
155	230	233
155	233	261
155	261	392
155	392	430
156	175	311
157	175	257
157	257	280
158	177	325
158	232	283
158	232	325
158	281	283
159	228	253
159	228	299
159	253	378
159	260	299
159	260	373
159	373	378
160	249	309
160	249	383
160	252	291
160	252	383
160	254	291
160	254	309
161	235	253
161	235	421
161	253	395
161	324	421
161	324	461
161	395	461
162	168	300
162	168	314
162	300	368
162	314	324
162	324	461
162	368	461
163	248	309
163	248	336
163	255	309
163	255	310
163	310	336
164	297	533
164	297	578
164	321	533
164	321	553
164	353	481
164	353	578
164	481	553
165	191	331
165	212	214
165	212	315
165	214	304
165	304	331
166	232	241
166	232	243
166	236	244
166	236	412
166	241	273
166	243	244
166	273	412
167	193	277
167	196	296
168	290	300
168	290	310
168	310	314
169	224	468
169	446	495
169	468	495
170	295	593
170	295	602
170	593	624
170	597	602
170	597	603
170	603	620
170	620	624
171	252	278
171	252	383
171	270	278
171	270	466
171	303	383
171	303	411
171	411	466
172	230	245
172	230	328
172	245	287
172	287	301
172	301	328
173	483	486
173	483	504
173	486	656
173	504	656
174	211	323
174	211	434
174	323	659
174	434	581
174	581	659
175	257	311
176	226	358
176	226	633
176	274	289
176	274	375
176	289	358
176	375	633
178	222	318
178	222	372
178	271	317
178	271	372
178	288	317
178	288	318
179	236	237
179	236	364
179	237	298
179	260	298
179	260	313
179	313	364
180	215	586
181	405	589
181	405	617
181	558	589
181	558	598
181	598	612
181	612	617
182	263	352
182	307	379
182	352	379
183	258	312
183	262	312
184	262	316
184	285	306
184	285	316
185	189	218
186	250	258
186	250	295
186	293	602
186	295	602
187	582	613
188	210	600
188	387	547
188	387	575
188	547	600
189	209	218
189	209	630
189	377	580
189	580	630
190	285	316
190	285	434
190	312	316
190	312	394
190	394	454
190	434	454
192	214	304
192	284	304
192	284	396
192	396	575
193	237	244
193	237	400
193	244	277
194	259	333
194	271	333
194	271	372
195	333	335
195	333	542
195	431	532
195	431	662
195	542	662
196	210	469
196	296	320
196	320	469
197	334	381
197	420	465
197	420	549
198	199	204
198	199	222
199	204	476
199	222	318
199	318	432
199	432	476
200	327	438
200	403	422
200	403	610
200	422	442
200	438	610
201	203	213
201	203	429
201	213	281
201	281	319
202	259	335
203	213	220
203	220	315
204	306	476
205	322	526
205	322	582
205	526	616
206	330	393
206	337	348
206	337	377
206	348	393
207	264	371
208	213	220
209	218	544
209	477	544
209	477	626
209	528	626
209	528	630
210	469	609
210	600	609
211	285	434
211	285	476
211	323	432
211	432	476
212	220	315
215	484	605
215	494	586
216	403	422
216	403	455
216	455	463
219	287	301
221	296	302
221	302	367
221	367	384
224	329	449
224	449	498
224	468	498
225	523	588
225	523	664
225	588	643
225	643	647
225	647	664
226	345	358
226	345	360
226	356	360
226	356	633
227	242	265
227	242	392
227	251	261
227	251	266
227	261	392
227	265	350
227	266	350
228	235	253
228	235	384
229	343	348
229	343	437
229	347	437
229	347	450
229	348	447
229	447	450
230	233	245
231	456	516
231	456	631
231	516	635
231	631	635
232	241	283
232	243	325
233	245	467
233	261	444
233	444	467
234	354	481
234	365	637
234	481	627
234	627	637
235	367	384
235	367	421
236	237	244
236	364	412
237	298	400
238	344	366
238	344	453
238	345	366
238	345	493
239	280	385
239	371	385
240	279	448
240	279	597
240	293	458
240	293	602
240	448	458
240	597	602
241	273	275
241	275	319
241	283	319
242	265	386
242	392	430
243	244	277
245	287	548
245	369	467
245	369	548
246	357	379
246	357	628
246	365	399
246	365	585
246	379	399
246	585	628
247	282	297
247	282	340
247	297	361
247	340	344
247	344	370
247	361	370
248	254	309
248	254	607
248	336	601
248	526	601
248	526	607
249	255	309
249	383	414
250	258	312
250	295	593
250	312	604
250	593	604
251	261	444
251	266	555
251	408	444
251	408	555
252	278	389
252	291	389
253	378	395
254	291	380
254	380	607
255	290	310
256	338	353
256	353	382
257	280	479
257	311	485
257	479	485
259	333	335
260	298	299
260	313	373
262	312	316
263	294	352
263	294	418
264	371	385
264	385	529
264	433	529
265	350	595
265	376	386
265	376	595
266	350	565
266	555	614
266	565	614
267	338	354
267	363	399
268	346	378
268	373	378
269	347	362
270	292	466
271	317	542
271	333	542
272	276	294
272	276	460
272	294	413
272	381	413
276	294	305
276	305	642
276	410	460
276	410	642
279	390	436
279	390	608
279	436	448
279	597	608
281	283	319
282	297	382
284	304	331
284	326	331
284	326	376
284	376	595
284	396	595
285	306	476
286	426	503
286	464	482
286	472	482
286	472	503
287	374	548
288	317	612
288	318	561
288	561	598
288	598	612
289	358	397
291	380	389
292	390	391
292	391	466
294	305	352
294	413	418
296	302	320
297	361	533
297	382	578
302	320	322
302	322	539
302	367	584
302	539	584
303	383	414
305	352	357
305	357	579
305	579	642
307	363	399
307	379	399
308	622	623
310	314	336
311	416	485
312	394	604
313	373	419
314	324	524
314	336	524
317	542	662
317	612	662
318	432	561
320	322	582
320	428	469
320	428	582
321	533	543
321	543	569
321	550	553
321	550	569
322	525	539
322	525	601
322	526	601
323	432	561
323	554	657
323	554	659
323	561	657
324	421	584
324	524	584
327	426	503
327	438	536
327	503	536
332	342	424
332	342	446
336	524	638
336	601	638
337	348	447
337	377	521
337	425	447
337	425	521
338	353	354
339	407	534
339	407	651
339	483	522
339	483	534
339	510	557
339	510	648
339	522	557
339	648	651
340	344	453
341	375	532
341	375	633
341	532	655
341	633	655
342	388	424
342	388	640
342	446	495
342	495	641
342	640	641
343	348	393
344	366	370
345	358	493
345	360	366
346	378	395
346	395	441
347	362	450
349	438	513
349	438	610
349	509	541
349	509	610
349	513	541
350	396	565
350	396	595
351	355	502
351	355	537
351	360	497
351	360	537
351	497	656
351	502	656
352	357	379
353	354	481
353	382	578
355	361	370
355	361	546
355	370	537
355	502	546
356	360	497
356	497	652
356	633	658
356	652	658
357	579	628
358	397	493
359	388	424
359	388	462
359	462	463
360	366	537
361	533	543
361	543	546
362	450	647
362	549	647
365	585	637
366	370	537
367	421	584
368	395	441
368	395	461
369	374	511
369	374	548
369	443	467
369	443	559
369	511	559
374	511	615
377	521	592
377	580	592
380	607	616
387	547	552
387	552	562
387	562	575
388	404	462
388	404	639
388	639	640
390	391	436
394	454	625
394	604	625
396	565	575
398	417	599
401	402	480
401	402	619
401	480	491
401	491	634
401	509	619
401	509	634
402	404	462
402	404	540
402	455	462
402	455	619
402	480	540
403	455	619
403	509	610
403	509	619
404	540	639
405	474	653
405	474	655
405	486	589
405	486	655
405	617	653
406	410	566
406	410	642
406	489	510
406	489	566
406	510	642
407	501	534
407	501	649
407	649	651
408	440	443
408	440	555
408	443	444
409	434	454
409	434	581
409	454	572
409	572	581
410	439	460
410	439	566
415	477	577
415	496	577
416	457	650
416	485	631
416	573	631
416	573	650
417	445	469
417	469	609
417	599	609
420	465	478
420	478	664
420	549	647
420	647	664
423	472	482
423	472	492
425	447	665
425	521	530
425	530	576
425	576	588
425	588	665
427	554	572
427	554	589
427	572	594
427	589	594
428	445	459
428	445	469
428	459	613
428	582	613
431	532	653
431	606	653
431	606	662
433	520	529
433	520	636
433	618	636
438	513	536
439	465	478
439	478	663
439	566	663
440	443	559
440	552	555
440	552	559
443	444	467
445	459	611
447	450	665
449	457	498
450	647	665
452	468	498
452	468	583
452	475	498
452	475	538
452	538	583
454	487	572
454	487	625
455	462	463
456	515	516
456	515	527
456	527	573
456	573	631
457	475	498
457	475	535
457	535	650
459	470	596
459	470	611
459	591	596
459	591	613
468	495	583
470	483	596
470	483	644
470	586	611
470	586	644
471	496	577
471	563	626
471	577	626
472	492	503
473	488	518
473	488	538
473	518	590
473	538	560
473	560	590
474	532	653
474	532	655
475	535	654
475	538	654
477	577	626
478	512	663
478	512	664
479	485	635
479	632	635
480	491	567
480	540	567
481	553	627
483	486	596
483	504	534
483	522	645
483	644	645
485	631	635
486	589	596
486	655	656
487	621	625
488	515	518
488	515	527
488	527	650
488	535	650
488	535	654
488	538	654
489	510	557
489	512	545
489	512	663
489	545	557
489	566	663
490	514	516
490	514	636
490	515	516
490	515	519
490	519	636
491	500	590
491	500	634
491	567	590
492	499	536
492	503	536
494	568	645
494	586	644
494	644	645
495	506	570
495	506	641
495	570	583
497	652	656
499	513	536
499	513	551
500	541	551
500	541	634
500	551	590
501	534	629
501	629	646
501	637	646
501	637	649
502	546	571
502	571	656
504	534	564
504	550	564
504	550	569
504	569	571
504	571	656
505	508	511
505	508	519
505	511	615
505	519	618
505	615	618
506	538	570
506	538	639
506	639	640
506	640	641
508	511	559
508	519	547
508	547	559
509	541	634
510	579	642
510	579	648
512	523	545
512	523	664
513	541	551
514	516	632
514	520	632
514	520	636
516	632	635
517	521	574
517	521	592
517	556	574
517	556	592
519	618	636
521	530	574
522	523	557
523	545	557
523	556	574
523	574	576
523	576	588
524	525	584
524	525	638
525	539	584
525	601	638
526	607	616
527	573	650
528	556	563
528	556	580
528	563	626
528	580	630
530	574	576
531	538	560
531	538	639
531	540	639
531	540	661
531	560	661
534	564	629
538	570	583
540	567	661
543	546	569
546	569	571
547	552	559
550	553	627
550	564	660
550	627	646
550	646	660
552	555	562
554	558	589
554	558	657
554	572	659
555	562	614
556	580	592
558	598	657
560	567	590
560	567	661
561	598	657
562	575	614
564	629	660
565	575	614
572	581	659
579	628	648
585	628	651
585	637	649
585	649	651
587	599	609
587	600	609
588	643	665
589	594	596
591	594	596
593	604	625
593	624	625
597	603	608
603	608	623
603	620	622
603	622	623
606	612	617
606	612	662
606	617	653
620	621	624
621	624	625
627	637	646
628	648	651
629	646	660
633	655	658
643	647	665
652	655	656
652	655	658
end_triangles

begin_node_model "AtContactNode"
BUILTIN
end_node_model

begin_node_model "ContactNSurfaceNormal_x"
DATAPARENT "SurfaceArea"
end_node_model

begin_node_model "ContactNSurfaceNormal_y"
DATAPARENT "SurfaceArea"
end_node_model

begin_node_model "ContactSurfaceArea"
DATAPARENT "SurfaceArea"
end_node_model

begin_node_model "NSurfaceNormal_x"
DATAPARENT "SurfaceArea"
end_node_model

begin_node_model "NSurfaceNormal_y"
DATAPARENT "SurfaceArea"
end_node_model

begin_node_model "NodeVolume"
BUILTIN
end_node_model

begin_node_model "SurfaceArea"
BUILTIN
end_node_model

begin_node_model "coordinate_index"
DATAPARENT "x"
end_node_model

begin_node_model "node_index"
DATAPARENT "x"
end_node_model

begin_node_model "x"
BUILTIN
end_node_model

begin_node_model "y"
DATAPARENT "x"
end_node_model

begin_node_model "z"
DATAPARENT "x"
end_node_model

begin_edge_model "EdgeCouple"
BUILTIN
end_edge_model

begin_edge_model "EdgeInverseLength"
BUILTIN
end_edge_model

begin_edge_model "EdgeLength"
BUILTIN
end_edge_model

begin_edge_model "EdgeNodeVolume"
BUILTIN
end_edge_model

begin_edge_model "edge_index"
BUILTIN
end_edge_model

begin_edge_model "unitx"
BUILTIN
end_edge_model

begin_edge_model "unity"
DATAPARENT "unitx"
end_edge_model

begin_triangle_edge_model "ElementEdgeCouple"
BUILTIN
end_triangle_edge_model

begin_triangle_edge_model "ElementNodeVolume"
BUILTIN
end_triangle_edge_model

end_region

begin_contact "body" "bulk" "metal"
begin_edges
4	53
5	6
6	7
7	8
8	9
9	10
10	11
11	12
12	13
13	14
14	15
15	16
16	17
17	18
18	19
19	20
20	21
21	22
22	23
23	24
24	25
25	26
26	27
27	28
28	29
29	30
30	31
31	32
32	33
33	34
34	35
35	36
36	37
37	38
38	39
39	40
40	41
41	42
42	43
43	44
44	45
45	46
46	47
47	48
48	49
49	50
50	51
51	52
52	53
end_edges

end_contact

begin_contact "drain" "bulk" "metal"
begin_edges
2	97
3	72
72	73
73	74
74	75
75	76
76	77
77	78
78	79
79	80
80	81
81	82
82	83
83	84
84	85
85	86
86	87
87	88
88	89
89	90
90	91
91	92
92	93
93	94
94	95
95	96
96	97
end_edges

end_contact

begin_contact "gate" "gate" "metal"
begin_edges
0	16
1	18
16	17
17	18
end_edges

end_contact

begin_contact "source" "bulk" "metal"
begin_edges
0	222
1	197
197	198
198	199
199	200
200	201
201	202
202	203
203	204
204	205
205	206
206	207
207	208
208	209
209	210
210	211
211	212
212	213
213	214
214	215
215	216
216	217
217	218
218	219
219	220
220	221
221	222
end_edges

end_contact

begin_interface "bulk_oxide" "bulk" "oxide"
begin_edges
1	196	0	102
2	98	1	4
98	99	4	5
99	100	5	6
100	101	6	7
101	102	7	8
102	103	8	9
103	104	9	10
104	105	10	11
105	106	11	12
106	107	12	13
107	108	13	14
108	109	14	15
109	110	15	16
110	111	16	17
111	112	17	18
112	113	18	19
113	114	19	20
114	115	20	21
115	116	21	22
116	117	22	23
117	118	23	24
118	119	24	25
119	120	25	26
120	121	26	27
121	122	27	28
122	123	28	29
123	124	29	30
124	125	30	31
125	126	31	32
126	127	32	33
127	128	33	34
128	129	34	35
129	130	35	36
130	131	36	37
131	132	37	38
132	133	38	39
133	134	39	40
134	135	40	41
135	136	41	42
136	137	42	43
137	138	43	44
138	139	44	45
139	140	45	46
140	141	46	47
141	142	47	48
142	143	48	49
143	144	49	50
144	145	50	51
145	146	51	52
146	147	52	53
147	148	53	54
148	149	54	55
149	150	55	56
150	151	56	57
151	152	57	58
152	153	58	59
153	154	59	60
154	155	60	61
155	156	61	62
156	157	62	63
157	158	63	64
158	159	64	65
159	160	65	66
160	161	66	67
161	162	67	68
162	163	68	69
163	164	69	70
164	165	70	71
165	166	71	72
166	167	72	73
167	168	73	74
168	169	74	75
169	170	75	76
170	171	76	77
171	172	77	78
172	173	78	79
173	174	79	80
174	175	80	81
175	176	81	82
176	177	82	83
177	178	83	84
178	179	84	85
179	180	85	86
180	181	86	87
181	182	87	88
182	183	88	89
183	184	89	90
184	185	90	91
185	186	91	92
186	187	92	93
187	188	93	94
188	189	94	95
189	190	95	96
190	191	96	97
191	192	97	98
192	193	98	99
193	194	99	100
194	195	100	101
195	196	101	102
end_edges

end_interface

begin_interface "gate_oxide" "gate" "oxide"
begin_edges
2	8	2	103
3	11	3	106
8	9	103	104
9	10	104	105
10	11	105	106
end_edges

end_interface

end_device

